,Parent id,time_in_review
0,174802,0 days 00:01:00.000000000
1,329036,0 days 00:00:00.000000000
2,336670,0 days 00:01:00.000000000
3,338553,238 days 13:36:00.000000000
4,345462,8 days 01:23:00.000000000
5,347539,1 days 00:50:00.000000000
6,349721,0 days 00:02:00.000000000
7,353363,0 days 10:17:00.000000000
8,357612,2 days 00:10:00.000000000
9,357942,0 days 02:43:00.000000000
10,358397,0 days 00:10:00.000000000
11,358945,0 days 00:55:00.000000000
12,359493,0 days 00:00:00.000000000
13,359638,0 days 07:32:00.000000000
14,359731,0 days 00:00:00.000000000
15,359734,0 days 12:13:00.000000000
16,359849,13 days 20:10:00.000000000
17,359961,0 days 00:00:00.000000000
18,359968,0 days 00:00:00.000000000
19,360164,1 days 01:03:00.000000000
20,360277,1 days 03:20:00.000000000
21,360335,6 days 23:13:00.000000000
22,360424,15 days 02:45:00.000000000
23,360479,5 days 23:00:00.000000000
24,360481,25 days 22:05:00.000000000
25,360510,3 days 08:20:00.000000000
26,360521,0 days 04:38:00.000000000
27,360541,2 days 02:17:00.000000000
28,360576,0 days 19:56:00.000000000
29,360615,0 days 00:00:00.000000000
30,360621,23 days 02:56:00.000000000
31,360637,0 days 08:15:00.000000000
32,360687,13 days 21:28:00.000000000
33,360744,0 days 00:11:00.000000000
34,360759,0 days 19:32:00.000000000
35,360791,22 days 00:02:00.000000000
36,360807,41 days 20:31:00.000000000
37,360809,29 days 18:46:00.000000000
38,360823,0 days 17:58:00.000000000
39,360829,61 days 20:28:00.000000000
40,360831,61 days 20:26:00.000000000
41,360833,85 days 16:57:00.000000000
42,360835,29 days 18:09:00.000000000
43,360838,61 days 20:22:00.000000000
44,360851,0 days 07:41:00.000000000
45,360859,0 days 00:00:00.000000000
46,360869,0 days 03:08:00.000000000
47,360940,0 days 00:00:00.000000000
48,361016,4 days 23:24:00.000000000
49,361181,0 days 08:51:00.000000000
50,361186,23 days 23:01:00.000000000
51,361309,4 days 23:50:00.000000000
52,361425,3 days 07:15:00.000000000
53,361463,3 days 22:55:00.000000000
54,361490,4 days 02:44:00.000000000
55,361502,0 days 02:07:00.000000000
56,361609,6 days 02:54:00.000000000
57,361615,1 days 10:34:00.000000000
58,361731,10 days 20:15:00.000000000
59,361793,6 days 16:18:00.000000000
60,361804,6 days 15:56:00.000000000
61,361809,57 days 20:05:00.000000000
62,361812,16 days 19:29:00.000000000
63,361814,14 days 19:05:00.000000000
64,361816,6 days 15:36:00.000000000
65,361818,17 days 18:41:00.000000000
66,361821,17 days 18:09:00.000000000
67,361823,20 days 20:55:00.000000000
68,361826,28 days 06:31:00.000000000
69,361828,28 days 19:34:00.000000000
70,361830,28 days 21:52:00.000000000
71,361832,29 days 00:02:00.000000000
72,361834,28 days 23:56:00.000000000
73,361837,36 days 18:56:00.000000000
74,361839,38 days 07:08:00.000000000
75,361842,38 days 07:48:00.000000000
76,361844,41 days 07:25:00.000000000
77,361846,42 days 22:22:00.000000000
78,361870,0 days 11:56:00.000000000
79,361875,2 days 12:18:00.000000000
80,361888,9 days 04:39:00.000000000
81,361976,0 days 01:49:00.000000000
82,361985,0 days 01:28:00.000000000
83,362030,22 days 08:31:00.000000000
84,362068,15 days 12:32:00.000000000
85,362070,22 days 16:42:00.000000000
86,362115,15 days 14:33:00.000000000
87,362118,0 days 05:26:00.000000000
88,362196,0 days 21:16:00.000000000
89,362245,0 days 00:02:00.000000000
90,362353,6 days 16:23:00.000000000
91,362387,15 days 14:15:00.000000000
92,362395,0 days 00:00:00.000000000
93,362667,0 days 00:00:00.000000000
94,362679,32 days 09:37:00.000000000
95,362744,20 days 01:29:00.000000000
96,362783,3 days 22:51:00.000000000
97,362798,3 days 21:09:00.000000000
98,362813,4 days 04:13:00.000000000
99,362815,5 days 17:47:00.000000000
100,362917,13 days 19:57:00.000000000
101,362919,13 days 19:32:00.000000000
102,362933,11 days 17:04:00.000000000
103,362936,15 days 19:06:00.000000000
104,362938,20 days 20:25:00.000000000
105,362940,0 days 00:18:00.000000000
106,362947,0 days 00:18:00.000000000
107,362957,0 days 00:01:00.000000000
108,362960,0 days 02:45:00.000000000
109,362963,0 days 07:56:00.000000000
110,362995,370 days 21:57:00.000000000
111,363207,23 days 19:56:00.000000000
112,363224,0 days 10:30:00.000000000
113,363245,8 days 20:54:00.000000000
114,363258,15 days 10:16:00.000000000
115,363282,6 days 12:56:00.000000000
116,363304,0 days 00:00:00.000000000
117,363351,6 days 05:05:00.000000000
118,363473,0 days 01:42:00.000000000
119,363478,19 days 16:55:00.000000000
120,363522,8 days 15:14:00.000000000
121,363524,8 days 18:06:00.000000000
122,363526,13 days 18:25:00.000000000
123,363528,14 days 15:52:00.000000000
124,363530,14 days 15:46:00.000000000
125,363532,15 days 12:13:00.000000000
126,363534,21 days 18:50:00.000000000
127,363536,22 days 11:46:00.000000000
128,363538,22 days 11:45:00.000000000
129,363540,27 days 15:16:00.000000000
130,363542,29 days 10:46:00.000000000
131,363544,29 days 19:19:00.000000000
132,363546,30 days 11:23:00.000000000
133,363548,40 days 11:24:00.000000000
134,363553,0 days 00:16:00.000000000
135,363560,5 days 18:45:00.000000000
136,363563,12 days 03:55:00.000000000
137,363571,0 days 00:00:00.000000000
138,363590,0 days 00:31:00.000000000
139,363611,7 days 01:23:00.000000000
140,363720,0 days 00:03:00.000000000
141,363771,351 days 16:55:00.000000000
142,363803,0 days 00:01:00.000000000
143,363949,21 days 02:19:00.000000000
144,363968,8 days 01:25:00.000000000
145,364000,14 days 10:30:00.000000000
146,364180,0 days 00:00:00.000000000
147,364263,6 days 00:22:00.000000000
148,364380,30 days 16:46:00.000000000
149,364396,3 days 00:55:00.000000000
150,364402,29 days 02:29:00.000000000
151,364470,60 days 19:54:00.000000000
152,364677,6 days 05:25:00.000000000
153,364733,11 days 08:10:00.000000000
154,364743,21 days 08:47:00.000000000
155,364750,0 days 00:03:00.000000000
156,364885,0 days 00:00:00.000000000
157,364986,12 days 23:18:00.000000000
158,365070,0 days 00:08:00.000000000
159,365123,6 days 08:54:00.000000000
160,365161,13 days 11:16:00.000000000
161,365196,1 days 02:50:00.000000000
162,365312,0 days 16:52:00.000000000
163,365381,2 days 06:36:00.000000000
164,365404,12 days 11:59:00.000000000
165,365443,14 days 12:52:00.000000000
166,365543,2 days 15:57:00.000000000
167,365553,1 days 03:30:00.000000000
168,365561,2 days 03:41:00.000000000
169,365630,0 days 00:49:00.000000000
170,365709,20 days 16:17:00.000000000
171,365727,12 days 15:50:00.000000000
172,365744,0 days 20:11:00.000000000
173,365795,0 days 00:00:00.000000000
174,365931,12 days 18:25:00.000000000
175,366004,0 days 04:55:00.000000000
176,366046,14 days 02:40:00.000000000
177,366077,3 days 01:15:00.000000000
178,366157,27 days 03:58:00.000000000
179,366517,3 days 15:08:00.000000000
180,366519,0 days 00:01:00.000000000
181,366527,16 days 08:43:00.000000000
182,366550,0 days 00:01:00.000000000
183,366553,0 days 00:00:00.000000000
184,366559,14 days 22:59:00.000000000
185,366561,0 days 21:26:00.000000000
186,366649,7 days 00:06:00.000000000
187,366666,14 days 14:05:00.000000000
188,366815,13 days 12:40:00.000000000
189,366817,12 days 05:51:00.000000000
190,366824,14 days 10:45:00.000000000
191,366880,27 days 01:13:00.000000000
192,366901,6 days 02:00:00.000000000
193,366917,2 days 00:39:00.000000000
194,366934,12 days 19:54:00.000000000
195,366970,0 days 01:01:00.000000000
196,366972,0 days 01:00:00.000000000
197,367014,5 days 17:06:00.000000000
198,367071,11 days 23:51:00.000000000
199,367116,0 days 13:23:00.000000000
200,367256,3 days 02:33:00.000000000
201,367261,0 days 00:03:00.000000000
202,367349,6 days 23:05:00.000000000
203,367518,0 days 00:01:00.000000000
204,367534,23 days 18:17:00.000000000
205,367559,8 days 05:02:00.000000000
206,367784,13 days 18:57:00.000000000
207,367810,6 days 04:05:00.000000000
208,368000,1 days 00:18:00.000000000
209,368036,0 days 00:00:00.000000000
210,368240,7 days 17:49:00.000000000
211,368278,0 days 00:01:00.000000000
212,368285,0 days 00:01:00.000000000
213,368291,0 days 02:28:00.000000000
214,368347,0 days 13:54:00.000000000
215,368351,5 days 01:42:00.000000000
216,368483,0 days 00:55:00.000000000
217,368498,5 days 02:24:00.000000000
218,368545,5 days 16:25:00.000000000
219,368554,4 days 17:26:00.000000000
220,368558,4 days 17:24:00.000000000
221,368560,4 days 17:23:00.000000000
222,368563,4 days 17:31:00.000000000
223,368568,19 days 17:03:00.000000000
224,368578,5 days 15:22:00.000000000
225,368582,6 days 22:16:00.000000000
226,368586,11 days 15:16:00.000000000
227,368588,20 days 21:47:00.000000000
228,368591,14 days 15:11:00.000000000
229,368596,21 days 21:31:00.000000000
230,368598,6 days 21:45:00.000000000
231,368600,21 days 16:57:00.000000000
232,368602,7 days 22:49:00.000000000
233,368604,10 days 18:39:00.000000000
234,368606,20 days 20:32:00.000000000
235,368608,19 days 17:31:00.000000000
236,368672,13 days 10:48:00.000000000
237,368728,7 days 05:35:00.000000000
238,368758,2 days 15:19:00.000000000
239,368774,4 days 21:12:00.000000000
240,368811,12 days 20:04:00.000000000
241,368815,12 days 19:52:00.000000000
242,368817,12 days 19:51:00.000000000
243,368835,4 days 12:08:00.000000000
244,368842,24 days 01:19:00.000000000
245,368931,4 days 19:47:00.000000000
246,368933,6 days 13:29:00.000000000
247,368935,18 days 12:46:00.000000000
248,368937,18 days 12:46:00.000000000
249,368939,18 days 12:44:00.000000000
250,368941,24 days 14:20:00.000000000
251,368947,24 days 14:27:00.000000000
252,368949,24 days 14:14:00.000000000
253,368951,24 days 14:28:00.000000000
254,369018,0 days 03:30:00.000000000
255,369154,0 days 19:40:00.000000000
256,369166,21 days 03:42:00.000000000
257,369246,6 days 15:53:00.000000000
258,369318,0 days 15:16:00.000000000
259,369371,3 days 15:40:00.000000000
260,369388,15 days 15:51:00.000000000
261,369414,6 days 10:33:00.000000000
262,369419,0 days 00:32:00.000000000
263,369421,8 days 07:27:00.000000000
264,369468,15 days 17:28:00.000000000
265,369504,2 days 03:16:00.000000000
266,369678,0 days 00:03:00.000000000
267,369723,0 days 00:33:00.000000000
268,369811,3 days 23:07:00.000000000
269,369885,8 days 07:42:00.000000000
270,369887,13 days 19:33:00.000000000
271,369891,5 days 04:32:00.000000000
272,369942,8 days 05:47:00.000000000
273,369968,5 days 02:09:00.000000000
274,370010,4 days 21:12:00.000000000
275,370052,0 days 00:01:00.000000000
276,370087,8 days 19:14:00.000000000
277,370133,0 days 00:18:00.000000000
278,370166,7 days 08:04:00.000000000
279,370172,0 days 00:00:00.000000000
280,370179,5 days 15:37:00.000000000
281,370207,0 days 00:05:00.000000000
282,370275,5 days 02:40:00.000000000
283,370318,0 days 00:01:00.000000000
284,370351,5 days 01:46:00.000000000
285,370420,12 days 00:19:00.000000000
286,370433,5 days 19:38:00.000000000
287,370443,33 days 02:12:00.000000000
288,370460,3 days 21:40:00.000000000
289,370530,3 days 11:07:00.000000000
290,370536,3 days 05:53:00.000000000
291,370545,0 days 08:57:00.000000000
292,370547,0 days 01:33:00.000000000
293,370603,13 days 04:32:00.000000000
294,370609,11 days 21:29:00.000000000
295,370817,3 days 07:40:00.000000000
296,370941,0 days 00:43:00.000000000
297,370973,2 days 21:23:00.000000000
298,371024,1 days 16:38:00.000000000
299,371061,0 days 00:00:00.000000000
300,371113,3 days 07:43:00.000000000
301,371118,7 days 16:10:00.000000000
302,371140,1 days 01:21:00.000000000
303,371222,71 days 22:23:00.000000000
304,371246,7 days 23:37:00.000000000
305,371266,1 days 21:26:00.000000000
306,371434,7 days 22:53:00.000000000
307,371459,13 days 03:03:00.000000000
308,371468,7 days 01:53:00.000000000
309,371520,7 days 17:45:00.000000000
310,371522,7 days 21:14:00.000000000
311,371529,19 days 20:19:00.000000000
312,371572,0 days 05:29:00.000000000
313,371574,0 days 04:24:00.000000000
314,371576,8 days 06:06:00.000000000
315,371681,0 days 04:01:00.000000000
316,371888,0 days 01:42:00.000000000
317,371930,4 days 23:03:00.000000000
318,372017,3 days 12:32:00.000000000
319,372021,12 days 04:46:00.000000000
320,372023,0 days 00:01:00.000000000
321,372031,39 days 03:15:00.000000000
322,372052,3 days 11:15:00.000000000
323,372080,10 days 01:50:00.000000000
324,372260,15 days 01:07:00.000000000
325,372264,13 days 21:40:00.000000000
326,372306,10 days 03:03:00.000000000
327,372337,8 days 19:27:00.000000000
328,372383,7 days 15:45:00.000000000
329,372415,0 days 00:06:00.000000000
330,372452,14 days 23:00:00.000000000
331,372498,8 days 00:06:00.000000000
332,372529,5 days 19:59:00.000000000
333,372531,9 days 00:00:00.000000000
334,372560,8 days 22:42:00.000000000
335,372589,14 days 21:27:00.000000000
336,372652,9 days 12:03:00.000000000
337,372654,9 days 05:47:00.000000000
338,372678,0 days 11:31:00.000000000
339,372730,15 days 04:58:00.000000000
340,372903,7 days 01:36:00.000000000
341,372926,7 days 02:27:00.000000000
342,372980,0 days 08:44:00.000000000
343,372982,0 days 00:00:00.000000000
344,372997,0 days 00:04:00.000000000
345,373004,4 days 12:30:00.000000000
346,373063,4 days 05:14:00.000000000
347,373087,6 days 01:30:00.000000000
348,373101,6 days 16:49:00.000000000
349,373103,6 days 22:04:00.000000000
350,373140,3 days 23:40:00.000000000
351,373200,11 days 17:00:00.000000000
352,373211,17 days 20:06:00.000000000
353,373237,7 days 19:49:00.000000000
354,373240,12 days 02:53:00.000000000
355,373244,12 days 06:44:00.000000000
356,373277,11 days 01:16:00.000000000
357,373383,4 days 01:24:00.000000000
358,373391,11 days 17:38:00.000000000
359,373467,1 days 19:15:00.000000000
360,373571,1 days 00:23:00.000000000
361,373578,0 days 22:18:00.000000000
362,373581,16 days 21:52:00.000000000
363,373597,23 days 04:03:00.000000000
364,373603,9 days 23:19:00.000000000
365,373605,16 days 21:16:00.000000000
366,373607,16 days 23:03:00.000000000
367,373609,16 days 23:26:00.000000000
368,373611,6 days 20:32:00.000000000
369,373627,23 days 06:52:00.000000000
370,373630,73 days 01:31:00.000000000
371,373632,55 days 22:14:00.000000000
372,373634,64 days 00:05:00.000000000
373,373641,8 days 23:50:00.000000000
374,373647,114 days 20:11:00.000000000
375,373650,73 days 01:35:00.000000000
376,374032,0 days 00:20:00.000000000
377,374050,0 days 00:12:00.000000000
378,374097,0 days 01:02:00.000000000
379,374249,0 days 00:01:00.000000000
380,374257,27 days 06:55:00.000000000
381,374382,64 days 21:01:00.000000000
382,374388,5 days 22:48:00.000000000
383,374395,6 days 02:17:00.000000000
384,374401,21 days 20:34:00.000000000
385,374405,21 days 20:27:00.000000000
386,374414,21 days 20:07:00.000000000
387,374418,21 days 20:01:00.000000000
388,374424,21 days 19:51:00.000000000
389,374430,21 days 19:41:00.000000000
390,374434,21 days 19:34:00.000000000
391,374439,21 days 19:27:00.000000000
392,374442,21 days 19:17:00.000000000
393,374510,0 days 00:01:00.000000000
394,374515,21 days 17:46:00.000000000
395,374521,21 days 17:44:00.000000000
396,374523,21 days 17:41:00.000000000
397,374624,46 days 23:59:00.000000000
398,374685,21 days 22:09:00.000000000
399,374716,0 days 00:28:00.000000000
400,374800,4 days 18:40:00.000000000
401,374832,7 days 16:43:00.000000000
402,374847,27 days 06:39:00.000000000
403,374885,0 days 00:07:00.000000000
404,374955,27 days 21:01:00.000000000
405,374996,5 days 01:53:00.000000000
406,375039,25 days 20:51:00.000000000
407,375061,6 days 19:01:00.000000000
408,375208,0 days 00:00:00.000000000
409,375301,0 days 00:01:00.000000000
410,375368,0 days 00:06:00.000000000
411,375418,1 days 17:09:00.000000000
412,375429,0 days 05:53:00.000000000
413,375462,0 days 04:23:00.000000000
414,375478,7 days 13:46:00.000000000
415,375492,70 days 05:15:00.000000000
416,375607,0 days 00:06:00.000000000
417,375615,2 days 22:27:00.000000000
418,375617,1 days 21:26:00.000000000
419,375814,19 days 11:59:00.000000000
420,375816,16 days 09:41:00.000000000
421,375819,14 days 05:10:00.000000000
422,375822,16 days 05:12:00.000000000
423,375829,6 days 03:42:00.000000000
424,375860,13 days 17:11:00.000000000
425,375929,0 days 00:52:00.000000000
426,375982,5 days 22:09:00.000000000
427,376067,19 days 17:46:00.000000000
428,376087,5 days 08:36:00.000000000
429,376090,5 days 02:38:00.000000000
430,376116,0 days 02:19:00.000000000
431,376136,13 days 23:22:00.000000000
432,376147,4 days 00:13:00.000000000
433,376154,0 days 23:19:00.000000000
434,376256,0 days 00:39:00.000000000
435,376261,3 days 19:28:00.000000000
436,376330,10 days 18:12:00.000000000
437,376335,30 days 17:04:00.000000000
438,376343,0 days 00:01:00.000000000
439,376366,10 days 05:12:00.000000000
440,376479,9 days 22:50:00.000000000
441,376651,3 days 06:58:00.000000000
442,376713,9 days 08:19:00.000000000
443,376729,34 days 23:46:00.000000000
444,376770,9 days 00:30:00.000000000
445,376832,0 days 16:09:00.000000000
446,376854,0 days 00:02:00.000000000
447,376859,0 days 00:12:00.000000000
448,376866,16 days 11:01:00.000000000
449,376884,13 days 00:51:00.000000000
450,376994,10 days 04:50:00.000000000
451,377002,0 days 09:55:00.000000000
452,377047,1 days 21:49:00.000000000
453,377182,14 days 01:16:00.000000000
454,377184,1 days 10:17:00.000000000
455,377255,0 days 09:17:00.000000000
456,377319,12 days 01:43:00.000000000
457,377322,16 days 03:13:00.000000000
458,377365,0 days 04:12:00.000000000
459,377368,0 days 06:26:00.000000000
460,377426,14 days 16:05:00.000000000
461,377499,8 days 03:46:00.000000000
462,377622,14 days 20:29:00.000000000
463,380717,41 days 21:38:00.000000000
464,380802,0 days 00:19:00.000000000
465,380810,12 days 08:21:00.000000000
466,380885,0 days 00:22:00.000000000
467,380917,4 days 21:22:00.000000000
468,380919,4 days 22:31:00.000000000
469,380974,11 days 22:56:00.000000000
470,381235,4 days 00:05:00.000000000
471,381305,6 days 23:49:00.000000000
472,381343,12 days 21:29:00.000000000
473,381493,0 days 00:00:00.000000000
474,381497,0 days 00:00:00.000000000
475,381552,0 days 00:00:00.000000000
476,381702,0 days 02:20:00.000000000
477,381715,0 days 12:26:00.000000000
478,381804,0 days 00:27:00.000000000
479,381987,4 days 17:48:00.000000000
480,381997,0 days 00:00:00.000000000
481,382034,6 days 01:52:00.000000000
482,382056,0 days 19:26:00.000000000
483,382059,0 days 19:22:00.000000000
484,382147,6 days 22:38:00.000000000
485,382226,12 days 13:17:00.000000000
486,382232,30 days 20:31:00.000000000
487,382321,5 days 03:02:00.000000000
488,382398,3 days 23:06:00.000000000
489,382421,17 days 16:57:00.000000000
490,382442,14 days 01:04:00.000000000
491,382456,7 days 01:04:00.000000000
492,382532,4 days 19:19:00.000000000
493,382542,0 days 00:00:00.000000000
494,382552,14 days 00:21:00.000000000
495,382566,0 days 05:41:00.000000000
496,382902,10 days 04:56:00.000000000
497,383024,16 days 04:00:00.000000000
498,383121,3 days 18:32:00.000000000
499,383130,10 days 15:40:00.000000000
500,383196,0 days 00:02:00.000000000
501,383335,15 days 15:47:00.000000000
502,383338,34 days 12:35:00.000000000
503,383371,0 days 00:00:00.000000000
504,383428,0 days 00:20:00.000000000
505,383451,0 days 00:13:00.000000000
506,383500,14 days 20:36:00.000000000
507,383551,7 days 21:07:00.000000000
508,383572,7 days 18:52:00.000000000
509,383596,1 days 14:59:00.000000000
510,383705,1 days 10:20:00.000000000
511,383731,29 days 03:42:00.000000000
512,383748,5 days 02:12:00.000000000
513,383838,0 days 00:10:00.000000000
514,383849,45 days 22:38:00.000000000
515,383861,0 days 15:11:00.000000000
516,384075,4 days 05:13:00.000000000
517,384092,0 days 00:07:00.000000000
518,384229,1 days 20:29:00.000000000
519,384281,3 days 03:16:00.000000000
520,384347,9 days 23:11:00.000000000
521,384367,15 days 05:22:00.000000000
522,384411,0 days 00:00:00.000000000
523,384473,10 days 06:16:00.000000000
524,384475,9 days 03:47:00.000000000
525,384477,10 days 08:32:00.000000000
526,384481,0 days 00:02:00.000000000
527,384485,9 days 08:13:00.000000000
528,384556,0 days 00:00:00.000000000
529,384560,9 days 01:17:00.000000000
530,384572,0 days 19:44:00.000000000
531,384648,13 days 17:33:00.000000000
532,384718,0 days 00:02:00.000000000
533,384803,34 days 15:02:00.000000000
534,384822,12 days 18:29:00.000000000
535,384881,11 days 15:15:00.000000000
536,384910,5 days 22:22:00.000000000
537,384924,5 days 21:36:00.000000000
538,385022,0 days 00:36:00.000000000
539,385117,10 days 21:34:00.000000000
540,385197,3 days 03:48:00.000000000
541,385368,14 days 07:02:00.000000000
542,385644,12 days 07:20:00.000000000
543,385691,17 days 20:17:00.000000000
544,385700,7 days 18:36:00.000000000
545,385857,0 days 00:00:00.000000000
546,385887,6 days 07:09:00.000000000
547,385924,34 days 23:27:00.000000000
548,385981,0 days 01:51:00.000000000
549,386135,6 days 10:35:00.000000000
550,386193,11 days 00:08:00.000000000
551,386223,13 days 02:41:00.000000000
552,386365,10 days 12:08:00.000000000
553,386410,6 days 01:04:00.000000000
554,386427,11 days 03:18:00.000000000
555,386460,3 days 23:06:00.000000000
556,386535,0 days 00:02:00.000000000
557,386623,8 days 20:28:00.000000000
558,386652,6 days 19:23:00.000000000
559,386675,0 days 07:42:00.000000000
560,386678,0 days 07:00:00.000000000
561,386748,9 days 05:06:00.000000000
562,386765,12 days 20:40:00.000000000
563,386778,10 days 02:29:00.000000000
564,386825,8 days 19:23:00.000000000
565,386864,39 days 09:38:00.000000000
566,386901,9 days 04:52:00.000000000
567,387044,6 days 07:55:00.000000000
568,387097,11 days 18:34:00.000000000
569,387157,47 days 20:22:00.000000000
570,387176,1 days 04:03:00.000000000
571,387267,0 days 00:01:00.000000000
572,387271,7 days 21:26:00.000000000
573,387274,6 days 22:35:00.000000000
574,387319,5 days 17:32:00.000000000
575,387323,0 days 16:46:00.000000000
576,387326,0 days 21:52:00.000000000
577,387328,7 days 20:34:00.000000000
578,387331,14 days 16:49:00.000000000
579,387338,25 days 21:22:00.000000000
580,387353,7 days 19:30:00.000000000
581,387359,13 days 15:42:00.000000000
582,387362,5 days 15:24:00.000000000
583,387365,5 days 15:16:00.000000000
584,387367,28 days 15:14:00.000000000
585,387393,0 days 23:29:00.000000000
586,387429,39 days 01:51:00.000000000
587,387434,45 days 23:53:00.000000000
588,387550,2 days 19:38:00.000000000
589,387583,2 days 23:27:00.000000000
590,387588,5 days 19:53:00.000000000
591,387597,6 days 21:24:00.000000000
592,387691,23 days 06:23:00.000000000
593,387754,3 days 03:57:00.000000000
594,387790,1 days 22:15:00.000000000
595,387933,1 days 02:42:00.000000000
596,387946,5 days 21:12:00.000000000
597,387949,0 days 00:01:00.000000000
598,387985,1 days 23:47:00.000000000
599,388122,8 days 11:19:00.000000000
600,388135,0 days 00:01:00.000000000
601,388158,0 days 00:00:00.000000000
602,388189,9 days 05:58:00.000000000
603,388234,0 days 00:38:00.000000000
604,388241,8 days 23:48:00.000000000
605,388323,4 days 20:50:00.000000000
606,388518,4 days 23:19:00.000000000
607,388542,5 days 15:53:00.000000000
608,388553,11 days 22:30:00.000000000
609,388621,3 days 18:09:00.000000000
610,388625,0 days 00:00:00.000000000
611,388737,2 days 20:58:00.000000000
612,388748,5 days 03:09:00.000000000
613,388762,6 days 23:41:00.000000000
614,388774,2 days 23:50:00.000000000
615,389033,2 days 03:58:00.000000000
616,389045,3 days 00:47:00.000000000
617,389186,7 days 06:49:00.000000000
618,389233,1 days 13:53:00.000000000
619,389235,0 days 21:25:00.000000000
620,389246,0 days 12:20:00.000000000
621,389307,161 days 07:54:00.000000000
622,389309,1 days 00:57:00.000000000
623,389312,3 days 02:57:00.000000000
624,389328,240 days 07:33:00.000000000
625,389331,240 days 07:31:00.000000000
626,389333,240 days 07:31:00.000000000
627,389361,15 days 00:30:00.000000000
628,389406,3 days 03:16:00.000000000
629,389469,2 days 00:55:00.000000000
630,389490,14 days 16:54:00.000000000
631,389507,0 days 21:00:00.000000000
632,389582,0 days 00:00:00.000000000
633,389753,2 days 04:42:00.000000000
634,389774,8 days 14:12:00.000000000
635,389816,14 days 00:36:00.000000000
636,389982,6 days 16:56:00.000000000
637,389997,1 days 09:31:00.000000000
638,390007,1 days 02:09:00.000000000
639,390012,1 days 03:39:00.000000000
640,390098,17 days 23:45:00.000000000
641,390101,6 days 23:30:00.000000000
642,390114,6 days 00:38:00.000000000
643,390174,0 days 00:39:00.000000000
644,390224,14 days 20:06:00.000000000
645,390260,3 days 00:55:00.000000000
646,390282,5 days 15:58:00.000000000
647,390305,0 days 03:33:00.000000000
648,390308,4 days 03:35:00.000000000
649,390311,27 days 14:19:00.000000000
650,390313,6 days 04:47:00.000000000
651,390324,5 days 02:14:00.000000000
652,390331,256 days 04:54:00.000000000
653,390348,4 days 02:45:00.000000000
654,390412,60 days 23:39:00.000000000
655,390417,17 days 01:03:00.000000000
656,390419,33 days 02:47:00.000000000
657,390421,27 days 04:20:00.000000000
658,390424,27 days 04:20:00.000000000
659,390426,27 days 04:14:00.000000000
660,390428,27 days 04:20:00.000000000
661,390430,27 days 04:21:00.000000000
662,390432,27 days 04:22:00.000000000
663,390434,0 days 04:44:00.000000000
664,390436,27 days 07:04:00.000000000
665,390438,48 days 07:05:00.000000000
666,390443,41 days 03:08:00.000000000
667,390448,42 days 01:18:00.000000000
668,390450,55 days 00:00:00.000000000
669,390455,52 days 00:02:00.000000000
670,390617,163 days 22:10:00.000000000
671,391368,7 days 09:34:00.000000000
672,391469,7 days 01:12:00.000000000
673,391682,8 days 20:03:00.000000000
674,391687,49 days 18:02:00.000000000
675,391689,0 days 16:46:00.000000000
676,391691,0 days 18:22:00.000000000
677,391693,10 days 17:01:00.000000000
678,391747,0 days 09:34:00.000000000
679,392021,13 days 06:01:00.000000000
680,392026,175 days 23:39:00.000000000
681,392045,161 days 20:58:00.000000000
682,392168,0 days 22:31:00.000000000
683,392313,0 days 19:20:00.000000000
684,392365,2 days 08:03:00.000000000
685,392371,0 days 04:59:00.000000000
686,392373,0 days 00:01:00.000000000
687,392604,0 days 00:00:00.000000000
688,392675,0 days 14:45:00.000000000
689,392677,0 days 09:30:00.000000000
690,392679,0 days 10:58:00.000000000
691,392687,7 days 07:18:00.000000000
692,392701,7 days 09:31:00.000000000
693,392754,3 days 23:19:00.000000000
694,392755,0 days 23:45:00.000000000
695,392759,0 days 23:41:00.000000000
696,392775,0 days 00:00:00.000000000
697,392824,0 days 00:01:00.000000000
698,392831,0 days 00:00:00.000000000
699,392840,53 days 03:07:00.000000000
700,392871,139 days 19:05:00.000000000
701,392954,4 days 23:06:00.000000000
702,392970,4 days 13:29:00.000000000
703,392974,0 days 08:17:00.000000000
704,393200,6 days 20:51:00.000000000
705,393289,3 days 01:15:00.000000000
706,393321,1 days 22:03:00.000000000
707,393357,28 days 01:38:00.000000000
708,393407,1 days 22:54:00.000000000
709,393412,2 days 23:08:00.000000000
710,393418,1 days 22:51:00.000000000
711,393443,2 days 21:14:00.000000000
712,393457,0 days 04:51:00.000000000
713,393459,0 days 21:50:00.000000000
714,393461,1 days 20:29:00.000000000
715,393532,226 days 17:06:00.000000000
716,393585,24 days 12:21:00.000000000
717,393599,1 days 21:37:00.000000000
718,393617,3 days 00:28:00.000000000
719,393625,2 days 19:59:00.000000000
720,393637,26 days 07:40:00.000000000
721,393674,5 days 02:57:00.000000000
722,393685,27 days 01:26:00.000000000
723,393712,5 days 02:03:00.000000000
724,393720,20 days 13:53:00.000000000
725,393727,0 days 01:19:00.000000000
726,393730,1 days 23:01:00.000000000
727,393737,8 days 01:33:00.000000000
728,393749,13 days 05:17:00.000000000
729,393770,2 days 00:21:00.000000000
730,393776,14 days 04:13:00.000000000
731,393799,38 days 18:52:00.000000000
732,393804,1 days 20:27:00.000000000
733,393893,1 days 22:36:00.000000000
734,393937,0 days 07:03:00.000000000
735,393942,56 days 02:41:00.000000000
736,393945,77 days 08:17:00.000000000
737,394090,0 days 05:19:00.000000000
738,394093,0 days 09:25:00.000000000
739,394122,33 days 02:25:00.000000000
740,394172,46 days 01:40:00.000000000
741,394215,2 days 21:43:00.000000000
742,394219,0 days 00:56:00.000000000
743,394270,0 days 01:30:00.000000000
744,394390,1 days 03:42:00.000000000
745,394478,2 days 05:21:00.000000000
746,394830,0 days 02:09:00.000000000
747,394835,0 days 00:08:00.000000000
748,394869,0 days 00:05:00.000000000
749,394887,15 days 23:05:00.000000000
750,394893,0 days 00:10:00.000000000
751,395052,0 days 00:14:00.000000000
752,395063,0 days 00:30:00.000000000
753,395070,26 days 06:45:00.000000000
754,395072,1 days 01:15:00.000000000
755,395190,4 days 19:13:00.000000000
756,395295,230 days 16:07:00.000000000
757,395332,12 days 03:45:00.000000000
758,395401,18 days 00:50:00.000000000
759,395591,4 days 06:17:00.000000000
760,395599,107 days 23:14:00.000000000
761,395750,0 days 00:18:00.000000000
762,395871,6 days 19:56:00.000000000
763,395951,0 days 23:58:00.000000000
764,396026,0 days 00:27:00.000000000
765,396225,1 days 05:21:00.000000000
766,396234,1 days 07:25:00.000000000
767,396242,6 days 01:13:00.000000000
768,396264,6 days 02:06:00.000000000
769,396271,1 days 06:14:00.000000000
770,396273,13 days 01:15:00.000000000
771,396276,1 days 06:51:00.000000000
772,396278,1 days 06:50:00.000000000
773,396280,18 days 23:44:00.000000000
774,396283,29 days 23:38:00.000000000
775,396297,1 days 22:45:00.000000000
776,396299,7 days 03:57:00.000000000
777,396367,6 days 23:32:00.000000000
778,396376,1 days 17:33:00.000000000
779,396407,0 days 17:27:00.000000000
780,396441,6 days 05:44:00.000000000
781,396568,1 days 05:27:00.000000000
782,396695,17 days 02:08:00.000000000
783,396697,10 days 17:17:00.000000000
784,396700,2 days 20:50:00.000000000
785,396720,3 days 07:07:00.000000000
786,396728,1 days 07:27:00.000000000
787,396733,1 days 07:43:00.000000000
788,396785,3 days 23:35:00.000000000
789,396799,3 days 04:10:00.000000000
790,396864,3 days 00:21:00.000000000
791,396875,6 days 16:34:00.000000000
792,396935,4 days 07:46:00.000000000
793,396940,4 days 07:23:00.000000000
794,396942,21 days 06:51:00.000000000
795,397034,0 days 00:02:00.000000000
796,397173,6 days 13:17:00.000000000
797,397236,0 days 00:09:00.000000000
798,397295,6 days 02:07:00.000000000
799,397320,16 days 15:12:00.000000000
800,397329,15 days 14:49:00.000000000
801,397344,16 days 01:35:00.000000000
802,397380,0 days 00:00:00.000000000
803,397386,99 days 01:20:00.000000000
804,397530,18 days 20:02:00.000000000
805,397537,4 days 15:13:00.000000000
806,397563,0 days 00:48:00.000000000
807,397697,0 days 23:04:00.000000000
808,397784,17 days 09:45:00.000000000
809,397851,3 days 02:26:00.000000000
810,397958,0 days 01:03:00.000000000
811,398055,2 days 06:43:00.000000000
812,398079,3 days 21:48:00.000000000
813,398134,15 days 01:41:00.000000000
814,398178,21 days 23:28:00.000000000
815,398186,2 days 17:27:00.000000000
816,398246,0 days 03:04:00.000000000
817,398337,1 days 20:49:00.000000000
818,398386,1 days 16:49:00.000000000
819,398451,103 days 06:52:00.000000000
820,398495,7 days 00:31:00.000000000
821,398521,106 days 05:42:00.000000000
822,398609,0 days 00:41:00.000000000
823,398667,90 days 23:26:00.000000000
824,398669,11 days 22:38:00.000000000
825,398698,5 days 03:50:00.000000000
826,398756,8 days 00:27:00.000000000
827,398778,7 days 23:51:00.000000000
828,398809,40 days 00:03:00.000000000
829,398886,0 days 06:39:00.000000000
830,398938,0 days 00:33:00.000000000
831,398951,187 days 01:53:00.000000000
832,398984,13 days 21:24:00.000000000
833,399007,13 days 20:14:00.000000000
834,399118,9 days 19:23:00.000000000
835,399153,10 days 07:58:00.000000000
836,399228,76 days 04:16:00.000000000
837,399253,0 days 00:00:00.000000000
838,399431,0 days 18:32:00.000000000
839,399446,16 days 22:27:00.000000000
840,399504,10 days 05:05:00.000000000
841,399508,0 days 00:00:00.000000000
842,399696,0 days 00:00:00.000000000
843,399721,0 days 16:26:00.000000000
844,399736,8 days 19:21:00.000000000
845,399756,16 days 21:02:00.000000000
846,399762,21 days 16:17:00.000000000
847,399792,9 days 07:38:00.000000000
848,399794,5 days 08:19:00.000000000
849,399892,5 days 04:10:00.000000000
850,399895,8 days 23:18:00.000000000
851,399897,2 days 00:26:00.000000000
852,399911,5 days 23:10:00.000000000
853,399914,1 days 20:34:00.000000000
854,399928,6 days 01:45:00.000000000
855,399982,4 days 20:52:00.000000000
856,399998,8 days 23:02:00.000000000
857,400071,8 days 04:40:00.000000000
858,400257,0 days 00:01:00.000000000
859,400304,10 days 22:28:00.000000000
860,400361,5 days 07:11:00.000000000
861,400375,0 days 00:01:00.000000000
862,400392,0 days 00:09:00.000000000
863,400458,0 days 00:00:00.000000000
864,400461,193 days 23:22:00.000000000
865,400464,6 days 02:30:00.000000000
866,400510,3 days 16:32:00.000000000
867,400512,3 days 18:10:00.000000000
868,400627,0 days 00:02:00.000000000
869,400683,1 days 06:51:00.000000000
870,400729,1 days 01:14:00.000000000
871,400735,0 days 16:56:00.000000000
872,400823,1 days 11:32:00.000000000
873,400825,0 days 01:40:00.000000000
874,401042,0 days 17:49:00.000000000
875,401048,7 days 21:13:00.000000000
876,401057,0 days 15:36:00.000000000
877,401064,42 days 07:12:00.000000000
878,401066,0 days 00:03:00.000000000
879,401104,88 days 18:27:00.000000000
880,401117,2 days 08:17:00.000000000
881,401265,1 days 18:58:00.000000000
882,401271,1 days 18:50:00.000000000
883,401280,1 days 18:42:00.000000000
884,401327,11 days 23:37:00.000000000
885,401378,7 days 06:51:00.000000000
886,401468,1 days 06:25:00.000000000
887,401543,4 days 02:51:00.000000000
888,401647,3 days 07:44:00.000000000
889,401699,3 days 00:25:00.000000000
890,401906,0 days 04:20:00.000000000
891,402190,1 days 19:27:00.000000000
892,402457,6 days 05:15:00.000000000
893,402460,107 days 03:07:00.000000000
894,402463,19 days 03:54:00.000000000
895,402477,13 days 23:56:00.000000000
896,402485,1 days 23:54:00.000000000
897,402505,6 days 01:48:00.000000000
898,402509,8 days 00:12:00.000000000
899,402512,7 days 03:16:00.000000000
900,402516,8 days 01:07:00.000000000
901,402519,8 days 22:06:00.000000000
902,402529,5 days 20:08:00.000000000
903,402591,8 days 18:04:00.000000000
904,402595,8 days 18:10:00.000000000
905,402599,11 days 16:58:00.000000000
906,402601,12 days 16:29:00.000000000
907,402702,0 days 00:02:00.000000000
908,402706,11 days 21:58:00.000000000
909,402712,1 days 00:55:00.000000000
910,402716,0 days 00:01:00.000000000
911,402721,0 days 23:19:00.000000000
912,402727,14 days 00:35:00.000000000
913,402739,5 days 19:09:00.000000000
914,402741,13 days 22:49:00.000000000
915,402744,18 days 23:53:00.000000000
916,402858,0 days 03:32:00.000000000
917,402922,0 days 02:39:00.000000000
918,403022,5 days 19:26:00.000000000
919,403027,5 days 19:18:00.000000000
920,403106,9 days 01:20:00.000000000
921,403161,3 days 01:54:00.000000000
922,403372,10 days 04:41:00.000000000
923,403410,0 days 03:57:00.000000000
924,403436,6 days 00:09:00.000000000
925,403512,8 days 21:46:00.000000000
926,403514,4 days 07:39:00.000000000
927,403545,7 days 03:26:00.000000000
928,403566,2 days 20:11:00.000000000
929,403573,2 days 19:59:00.000000000
930,403637,14 days 20:37:00.000000000
931,403639,6 days 23:41:00.000000000
932,403647,6 days 23:18:00.000000000
933,403653,40 days 18:17:00.000000000
934,403660,0 days 15:33:00.000000000
935,403672,0 days 15:28:00.000000000
936,403675,0 days 15:26:00.000000000
937,403687,0 days 15:25:00.000000000
938,403699,0 days 15:24:00.000000000
939,403701,0 days 15:22:00.000000000
940,403711,40 days 17:52:00.000000000
941,403721,7 days 17:20:00.000000000
942,403813,14 days 07:11:00.000000000
943,403924,7 days 22:16:00.000000000
944,404082,1 days 21:19:00.000000000
945,404084,5 days 18:37:00.000000000
946,404213,1 days 00:52:00.000000000
947,404450,18 days 01:06:00.000000000
948,404469,10 days 02:39:00.000000000
949,404476,4 days 16:33:00.000000000
950,404490,4 days 20:49:00.000000000
951,404512,3 days 22:01:00.000000000
952,404691,10 days 17:04:00.000000000
953,404778,5 days 14:50:00.000000000
954,404822,42 days 00:37:00.000000000
955,404853,6 days 05:23:00.000000000
956,404886,1 days 03:44:00.000000000
957,404895,6 days 00:36:00.000000000
958,404928,11 days 00:37:00.000000000
959,405050,0 days 04:36:00.000000000
960,405091,2 days 01:18:00.000000000
961,405104,9 days 00:46:00.000000000
962,405111,22 days 01:49:00.000000000
963,405141,6 days 19:46:00.000000000
964,405159,15 days 22:21:00.000000000
965,405293,7 days 00:44:00.000000000
966,405403,0 days 00:00:00.000000000
967,405419,0 days 00:27:00.000000000
968,405434,15 days 00:27:00.000000000
969,405442,0 days 20:22:00.000000000
970,405486,0 days 00:10:00.000000000
971,405539,32 days 04:37:00.000000000
972,405549,5 days 20:49:00.000000000
973,405582,7 days 19:51:00.000000000
974,405584,5 days 23:03:00.000000000
975,405729,11 days 10:41:00.000000000
976,405736,143 days 12:32:00.000000000
977,405812,0 days 00:01:00.000000000
978,405840,2 days 20:48:00.000000000
979,405936,9 days 05:59:00.000000000
980,405963,0 days 04:01:00.000000000
981,406001,0 days 03:52:00.000000000
982,406095,2 days 01:02:00.000000000
983,406172,2 days 11:31:00.000000000
984,406174,0 days 00:00:00.000000000
985,406185,0 days 00:53:00.000000000
986,406285,2 days 05:38:00.000000000
987,406309,63 days 00:41:00.000000000
988,406491,0 days 00:33:00.000000000
989,406493,0 days 23:33:00.000000000
990,406532,6 days 01:59:00.000000000
991,406538,6 days 03:05:00.000000000
992,406575,5 days 23:13:00.000000000
993,406588,5 days 22:13:00.000000000
994,406638,0 days 06:25:00.000000000
995,406721,0 days 00:10:00.000000000
996,406765,3 days 20:35:00.000000000
997,406780,4 days 23:51:00.000000000
998,406782,10 days 21:37:00.000000000
999,406795,5 days 19:31:00.000000000
1000,406801,6 days 00:53:00.000000000
1001,406867,4 days 21:53:00.000000000
1002,406924,23 days 20:28:00.000000000
1003,406933,5 days 17:23:00.000000000
1004,406944,5 days 14:52:00.000000000
1005,407082,0 days 04:07:00.000000000
1006,407289,0 days 10:06:00.000000000
1007,407295,7 days 06:13:00.000000000
1008,407298,8 days 07:16:00.000000000
1009,407445,44 days 01:39:00.000000000
1010,407494,8 days 16:05:00.000000000
1011,407535,15 days 16:28:00.000000000
1012,407574,103 days 12:49:00.000000000
1013,407673,13 days 23:20:00.000000000
1014,407702,16 days 10:08:00.000000000
1015,407711,1 days 01:15:00.000000000
1016,407895,4 days 23:53:00.000000000
1017,407925,5 days 23:09:00.000000000
1018,408036,0 days 00:00:00.000000000
1019,408238,3 days 22:29:00.000000000
1020,408302,17 days 00:22:00.000000000
1021,408332,0 days 01:01:00.000000000
1022,408387,66 days 02:29:00.000000000
1023,408451,1 days 01:24:00.000000000
1024,408456,2 days 22:13:00.000000000
1025,408460,2 days 22:15:00.000000000
1026,408471,10 days 00:03:00.000000000
1027,408486,14 days 23:16:00.000000000
1028,408491,1 days 22:02:00.000000000
1029,408494,0 days 00:02:00.000000000
1030,408525,1 days 04:19:00.000000000
1031,408527,1 days 21:04:00.000000000
1032,408529,1 days 21:30:00.000000000
1033,408554,40 days 22:56:00.000000000
1034,408562,94 days 00:17:00.000000000
1035,408564,29 days 23:03:00.000000000
1036,408570,71 days 20:43:00.000000000
1037,408597,88 days 00:00:00.000000000
1038,408601,0 days 00:29:00.000000000
1039,408669,0 days 05:20:00.000000000
1040,408672,0 days 05:07:00.000000000
1041,408775,0 days 00:01:00.000000000
1042,408867,1 days 20:16:00.000000000
1043,408872,0 days 19:30:00.000000000
1044,408874,0 days 21:03:00.000000000
1045,408876,1 days 18:43:00.000000000
1046,408878,0 days 19:22:00.000000000
1047,408880,1 days 18:48:00.000000000
1048,408882,1 days 18:48:00.000000000
1049,408886,1 days 18:53:00.000000000
1050,408888,1 days 19:14:00.000000000
1051,408890,1 days 19:14:00.000000000
1052,408892,1 days 19:18:00.000000000
1053,408895,1 days 19:19:00.000000000
1054,408899,1 days 19:20:00.000000000
1055,408909,4 days 18:15:00.000000000
1056,409141,0 days 00:00:00.000000000
1057,409261,3 days 08:15:00.000000000
1058,409400,20 days 23:15:00.000000000
1059,409411,24 days 19:36:00.000000000
1060,409420,24 days 19:15:00.000000000
1061,409423,24 days 21:41:00.000000000
1062,409428,24 days 22:05:00.000000000
1063,409439,26 days 19:26:00.000000000
1064,409442,27 days 02:32:00.000000000
1065,409444,28 days 01:20:00.000000000
1066,409450,28 days 01:32:00.000000000
1067,409460,31 days 18:22:00.000000000
1068,409470,33 days 01:21:00.000000000
1069,409476,37 days 14:36:00.000000000
1070,409481,37 days 14:05:00.000000000
1071,409483,66 days 17:42:00.000000000
1072,409485,66 days 17:37:00.000000000
1073,409487,33 days 17:34:00.000000000
1074,409499,1 days 22:39:00.000000000
1075,409577,0 days 00:34:00.000000000
1076,409604,7 days 23:09:00.000000000
1077,409607,0 days 00:18:00.000000000
1078,409637,154 days 23:40:00.000000000
1079,409667,0 days 00:01:00.000000000
1080,409671,0 days 20:16:00.000000000
1081,409742,17 days 07:29:00.000000000
1082,409785,3 days 03:33:00.000000000
1083,409819,0 days 00:03:00.000000000
1084,409831,0 days 19:44:00.000000000
1085,409865,0 days 18:53:00.000000000
1086,409890,5 days 17:22:00.000000000
1087,409973,0 days 03:45:00.000000000
1088,409992,2 days 01:10:00.000000000
1089,410021,2 days 00:47:00.000000000
1090,410025,57 days 20:27:00.000000000
1091,410041,15 days 02:43:00.000000000
1092,410050,16 days 00:36:00.000000000
1093,410052,16 days 01:51:00.000000000
1094,410054,19 days 02:55:00.000000000
1095,410057,19 days 21:38:00.000000000
1096,410059,21 days 19:51:00.000000000
1097,410061,22 days 19:06:00.000000000
1098,410063,25 days 17:57:00.000000000
1099,410067,26 days 19:48:00.000000000
1100,410069,27 days 18:21:00.000000000
1101,410071,28 days 17:33:00.000000000
1102,410073,29 days 01:37:00.000000000
1103,410076,28 days 20:05:00.000000000
1104,410078,29 days 23:23:00.000000000
1105,410080,28 days 17:54:00.000000000
1106,410172,6 days 06:12:00.000000000
1107,410178,39 days 10:46:00.000000000
1108,410227,0 days 22:53:00.000000000
1109,410378,0 days 20:56:00.000000000
1110,410390,4 days 19:54:00.000000000
1111,410392,6 days 01:45:00.000000000
1112,410486,13 days 06:50:00.000000000
1113,410488,13 days 07:34:00.000000000
1114,410490,14 days 05:34:00.000000000
1115,410494,17 days 06:09:00.000000000
1116,410496,18 days 00:04:00.000000000
1117,410498,19 days 01:40:00.000000000
1118,410500,20 days 01:01:00.000000000
1119,410503,21 days 01:14:00.000000000
1120,410507,23 days 23:40:00.000000000
1121,410509,26 days 02:50:00.000000000
1122,410511,26 days 06:18:00.000000000
1123,410513,27 days 02:58:00.000000000
1124,410515,25 days 23:50:00.000000000
1125,410517,60 days 00:31:00.000000000
1126,410519,60 days 00:31:00.000000000
1127,410536,61 days 00:58:00.000000000
1128,410548,0 days 02:58:00.000000000
1129,410852,7 days 19:43:00.000000000
1130,410899,0 days 02:31:00.000000000
1131,410919,1 days 23:30:00.000000000
1132,410925,0 days 21:00:00.000000000
1133,410928,0 days 21:21:00.000000000
1134,410932,0 days 21:47:00.000000000
1135,410939,14 days 23:14:00.000000000
1136,410979,0 days 03:38:00.000000000
1137,410981,0 days 00:01:00.000000000
1138,411080,0 days 05:39:00.000000000
1139,411179,8 days 02:54:00.000000000
1140,411330,1 days 12:26:00.000000000
1141,411332,13 days 15:58:00.000000000
1142,411585,0 days 10:15:00.000000000
1143,411710,5 days 05:31:00.000000000
1144,411758,4 days 21:51:00.000000000
1145,411771,0 days 00:34:00.000000000
1146,411778,4 days 21:13:00.000000000
1147,411808,3 days 22:56:00.000000000
1148,411922,7 days 04:36:00.000000000
1149,411967,0 days 00:03:00.000000000
1150,411989,20 days 02:26:00.000000000
1151,412555,9 days 02:52:00.000000000
1152,412604,0 days 19:48:00.000000000
1153,412678,0 days 00:06:00.000000000
1154,412693,0 days 00:09:00.000000000
1155,412721,0 days 22:51:00.000000000
1156,412758,0 days 00:17:00.000000000
1157,413015,0 days 00:00:00.000000000
1158,413125,34 days 19:15:00.000000000
1159,413132,38 days 18:39:00.000000000
1160,413320,2 days 19:25:00.000000000
1161,413326,6 days 01:35:00.000000000
1162,413392,2 days 16:56:00.000000000
1163,413615,11 days 13:33:00.000000000
1164,413617,8 days 10:17:00.000000000
1165,413784,0 days 19:30:00.000000000
1166,413842,3 days 17:34:00.000000000
1167,413889,0 days 14:14:00.000000000
1168,413899,0 days 10:23:00.000000000
1169,413930,6 days 04:24:00.000000000
1170,413991,0 days 00:00:00.000000000
1171,414132,15 days 17:49:00.000000000
1172,414171,112 days 20:37:00.000000000
1173,414188,2 days 12:52:00.000000000
1174,414192,5 days 04:37:00.000000000
1175,414194,6 days 07:34:00.000000000
1176,414222,5 days 05:54:00.000000000
1177,414264,14 days 01:42:00.000000000
1178,414387,0 days 15:57:00.000000000
1179,414401,7 days 06:55:00.000000000
1180,414487,0 days 00:28:00.000000000
1181,414491,0 days 02:36:00.000000000
1182,414496,4 days 00:15:00.000000000
1183,414502,0 days 05:48:00.000000000
1184,414513,4 days 23:12:00.000000000
1185,414517,5 days 04:58:00.000000000
1186,414697,7 days 00:00:00.000000000
1187,414890,5 days 21:25:00.000000000
1188,414935,0 days 00:05:00.000000000
1189,414973,0 days 00:01:00.000000000
1190,415068,6 days 01:21:00.000000000
1191,415131,5 days 03:23:00.000000000
1192,415482,0 days 00:00:00.000000000
1193,415783,1 days 22:25:00.000000000
1194,415790,126 days 18:21:00.000000000
1195,415806,3 days 15:46:00.000000000
1196,415818,0 days 00:02:00.000000000
1197,415891,0 days 00:01:00.000000000
1198,415914,9 days 06:57:00.000000000
1199,415986,6 days 03:44:00.000000000
1200,416064,21 days 23:12:00.000000000
1201,416111,1 days 23:00:00.000000000
1202,416181,0 days 13:15:00.000000000
1203,416184,1 days 09:44:00.000000000
1204,416290,7 days 03:43:00.000000000
1205,416334,5 days 02:51:00.000000000
1206,416342,7 days 03:07:00.000000000
1207,416501,5 days 10:00:00.000000000
1208,416504,5 days 10:49:00.000000000
1209,416524,0 days 00:00:00.000000000
1210,416580,5 days 00:59:00.000000000
1211,416669,8 days 22:37:00.000000000
1212,416695,53 days 04:30:00.000000000
1213,416757,0 days 00:01:00.000000000
1214,416855,4 days 22:19:00.000000000
1215,416956,3 days 03:42:00.000000000
1216,417132,3 days 21:29:00.000000000
1217,417190,2 days 10:02:00.000000000
1218,417196,2 days 14:08:00.000000000
1219,417367,0 days 19:10:00.000000000
1220,417414,14 days 23:12:00.000000000
1221,417420,8 days 21:22:00.000000000
1222,417424,13 days 20:37:00.000000000
1223,417455,1 days 03:00:00.000000000
1224,417462,2 days 04:17:00.000000000
1225,417657,4 days 19:31:00.000000000
1226,417730,1 days 17:32:00.000000000
1227,417754,0 days 06:42:00.000000000
1228,417808,0 days 04:46:00.000000000
1229,417858,7 days 00:33:00.000000000
1230,417868,0 days 23:49:00.000000000
1231,417874,7 days 21:13:00.000000000
1232,417935,0 days 00:27:00.000000000
1233,417939,7 days 19:18:00.000000000
1234,417950,6 days 02:31:00.000000000
1235,417958,6 days 01:48:00.000000000
1236,418004,6 days 23:45:00.000000000
1237,418021,40 days 05:32:00.000000000
1238,418023,0 days 00:20:00.000000000
1239,418062,7 days 05:15:00.000000000
1240,418139,2 days 23:02:00.000000000
1241,418250,1 days 21:02:00.000000000
1242,418256,9 days 06:52:00.000000000
1243,418374,0 days 00:01:00.000000000
1244,418453,1 days 01:38:00.000000000
1245,418519,8 days 05:55:00.000000000
1246,418563,6 days 04:02:00.000000000
1247,418585,8 days 01:09:00.000000000
1248,418711,5 days 22:25:00.000000000
1249,418713,6 days 20:05:00.000000000
1250,418725,5 days 18:36:00.000000000
1251,418762,0 days 03:34:00.000000000
1252,418799,6 days 00:18:00.000000000
1253,418880,18 days 20:51:00.000000000
1254,418898,0 days 00:02:00.000000000
1255,418909,21 days 21:21:00.000000000
1256,418912,21 days 22:33:00.000000000
1257,418915,13 days 01:50:00.000000000
1258,418923,1 days 23:40:00.000000000
1259,418957,0 days 00:06:00.000000000
1260,419061,5 days 03:27:00.000000000
1261,419115,1 days 05:13:00.000000000
1262,419136,0 days 00:54:00.000000000
1263,419388,6 days 15:50:00.000000000
1264,419553,3 days 04:19:00.000000000
1265,419601,6 days 23:07:00.000000000
1266,419604,3 days 01:21:00.000000000
1267,419635,0 days 00:00:00.000000000
1268,419648,2 days 23:52:00.000000000
1269,419711,3 days 06:18:00.000000000
1270,419713,3 days 01:04:00.000000000
1271,419715,2 days 07:07:00.000000000
1272,419816,61 days 02:59:00.000000000
1273,419923,0 days 06:15:00.000000000
1274,419949,8 days 00:29:00.000000000
1275,419953,0 days 00:00:00.000000000
1276,419972,2 days 03:05:00.000000000
1277,420055,1 days 19:16:00.000000000
1278,420085,14 days 01:58:00.000000000
1279,420101,1 days 19:54:00.000000000
1280,420153,0 days 00:14:00.000000000
1281,420157,0 days 00:00:00.000000000
1282,420167,6 days 07:40:00.000000000
1283,420170,0 days 00:00:00.000000000
1284,420296,0 days 00:01:00.000000000
1285,420340,6 days 02:22:00.000000000
1286,420348,0 days 22:49:00.000000000
1287,420376,13 days 21:21:00.000000000
1288,420464,0 days 00:05:00.000000000
1289,420512,22 days 21:43:00.000000000
1290,420516,22 days 21:36:00.000000000
1291,420541,0 days 00:01:00.000000000
1292,420559,2 days 17:15:00.000000000
1293,420589,2 days 11:00:00.000000000
1294,420591,2 days 07:18:00.000000000
1295,420593,14 days 07:33:00.000000000
1296,420595,5 days 12:21:00.000000000
1297,420601,7 days 11:22:00.000000000
1298,420675,64 days 23:27:00.000000000
1299,420783,1 days 21:04:00.000000000
1300,420816,0 days 00:00:00.000000000
1301,420920,0 days 00:00:00.000000000
1302,420974,8 days 04:39:00.000000000
1303,421116,0 days 21:10:00.000000000
1304,421186,0 days 21:01:00.000000000
1305,421205,0 days 00:00:00.000000000
1306,421213,10 days 09:03:00.000000000
1307,421217,10 days 05:01:00.000000000
1308,421220,10 days 07:20:00.000000000
1309,421224,0 days 01:21:00.000000000
1310,421258,16 days 23:19:00.000000000
1311,421311,9 days 23:11:00.000000000
1312,421330,24 days 03:35:00.000000000
1313,421362,67 days 01:06:00.000000000
1314,421371,97 days 10:08:00.000000000
1315,421533,10 days 01:08:00.000000000
1316,421627,0 days 00:03:00.000000000
1317,421703,6 days 21:52:00.000000000
1318,421716,0 days 00:03:00.000000000
1319,421795,6 days 06:26:00.000000000
1320,421807,0 days 00:00:00.000000000
1321,421830,62 days 05:33:00.000000000
1322,421850,7 days 20:47:00.000000000
1323,421871,16 days 01:43:00.000000000
1324,421875,7 days 00:26:00.000000000
1325,421886,16 days 19:09:00.000000000
1326,421964,7 days 23:21:00.000000000
1327,422011,0 days 00:51:00.000000000
1328,422013,0 days 00:38:00.000000000
1329,422128,1 days 02:44:00.000000000
1330,422139,5 days 23:52:00.000000000
1331,422229,27 days 15:51:00.000000000
1332,422242,5 days 16:37:00.000000000
1333,422256,0 days 00:01:00.000000000
1334,422311,4 days 04:16:00.000000000
1335,422349,6 days 04:01:00.000000000
1336,422432,3 days 22:55:00.000000000
1337,422593,0 days 00:13:00.000000000
1338,422945,0 days 18:30:00.000000000
1339,423052,0 days 15:45:00.000000000
1340,423054,10 days 20:13:00.000000000
1341,423056,1 days 17:28:00.000000000
1342,423103,3 days 02:31:00.000000000
1343,423110,10 days 08:49:00.000000000
1344,423198,0 days 21:49:00.000000000
1345,423328,5 days 17:34:00.000000000
1346,423336,8 days 17:39:00.000000000
1347,423368,0 days 07:11:00.000000000
1348,423370,0 days 03:57:00.000000000
1349,423374,0 days 03:44:00.000000000
1350,423397,0 days 01:34:00.000000000
1351,423443,0 days 02:29:00.000000000
1352,423538,0 days 03:09:00.000000000
1353,423551,0 days 01:10:00.000000000
1354,423556,0 days 00:29:00.000000000
1355,423633,0 days 14:06:00.000000000
1356,423639,0 days 00:27:00.000000000
1357,423808,0 days 00:46:00.000000000
1358,423817,0 days 22:13:00.000000000
1359,423823,1 days 01:45:00.000000000
1360,423833,1 days 00:26:00.000000000
1361,423847,4 days 01:37:00.000000000
1362,423863,7 days 21:08:00.000000000
1363,423867,7 days 21:17:00.000000000
1364,423869,0 days 16:53:00.000000000
1365,423871,39 days 00:38:00.000000000
1366,423873,39 days 06:34:00.000000000
1367,423875,39 days 00:56:00.000000000
1368,423877,0 days 16:29:00.000000000
1369,423930,11 days 02:41:00.000000000
1370,424097,0 days 01:35:00.000000000
1371,424178,3 days 03:40:00.000000000
1372,424212,2 days 12:17:00.000000000
1373,424363,2 days 23:12:00.000000000
1374,424451,44 days 02:55:00.000000000
1375,424875,1 days 06:07:00.000000000
1376,425024,0 days 00:01:00.000000000
1377,425072,48 days 00:01:00.000000000
1378,425168,1 days 16:35:00.000000000
1379,425227,5 days 07:13:00.000000000
1380,425256,39 days 07:17:00.000000000
1381,425385,0 days 02:52:00.000000000
1382,425455,0 days 17:04:00.000000000
1383,425466,0 days 15:58:00.000000000
1384,425476,11 days 21:21:00.000000000
1385,425496,3 days 00:10:00.000000000
1386,425508,0 days 13:45:00.000000000
1387,425597,0 days 00:46:00.000000000
1388,425718,4 days 06:01:00.000000000
1389,425733,4 days 02:33:00.000000000
1390,425756,5 days 01:31:00.000000000
1391,425775,10 days 01:20:00.000000000
1392,425784,12 days 02:24:00.000000000
1393,425812,3 days 00:48:00.000000000
1394,425839,4 days 21:46:00.000000000
1395,425844,0 days 01:07:00.000000000
1396,425848,3 days 22:26:00.000000000
1397,425876,52 days 17:29:00.000000000
1398,425882,2 days 18:15:00.000000000
1399,425888,5 days 01:03:00.000000000
1400,425896,2 days 18:02:00.000000000
1401,425902,0 days 00:30:00.000000000
1402,425910,2 days 20:09:00.000000000
1403,425977,2 days 13:24:00.000000000
1404,426030,0 days 06:40:00.000000000
1405,426147,0 days 23:53:00.000000000
1406,426152,1 days 00:36:00.000000000
1407,426275,6 days 16:28:00.000000000
1408,426287,16 days 23:02:00.000000000
1409,426322,2 days 17:55:00.000000000
1410,426325,6 days 20:16:00.000000000
1411,426449,0 days 00:12:00.000000000
1412,426612,0 days 18:47:00.000000000
1413,426684,7 days 21:16:00.000000000
1414,426693,6 days 11:55:00.000000000
1415,426756,0 days 04:51:00.000000000
1416,426775,26 days 23:05:00.000000000
1417,426820,5 days 05:21:00.000000000
1418,426838,8 days 21:26:00.000000000
1419,427285,25 days 04:02:00.000000000
1420,427373,7 days 19:31:00.000000000
1421,427418,5 days 07:37:00.000000000
1422,427492,0 days 00:01:00.000000000
1423,427507,6 days 01:19:00.000000000
1424,427509,6 days 21:16:00.000000000
1425,427511,3 days 04:06:00.000000000
1426,427513,4 days 22:48:00.000000000
1427,427515,2 days 20:29:00.000000000
1428,427526,4 days 04:17:00.000000000
1429,427566,3 days 18:48:00.000000000
1430,427578,5 days 02:56:00.000000000
1431,427595,3 days 17:56:00.000000000
1432,427598,3 days 20:33:00.000000000
1433,427628,48 days 18:55:00.000000000
1434,427631,25 days 00:25:00.000000000
1435,427689,13 days 20:10:00.000000000
1436,427837,1 days 03:22:00.000000000
1437,427859,45 days 00:20:00.000000000
1438,427932,1 days 22:22:00.000000000
1439,428061,4 days 03:22:00.000000000
1440,428064,8 days 06:14:00.000000000
1441,428208,20 days 20:40:00.000000000
1442,428245,0 days 21:29:00.000000000
1443,428279,1 days 20:49:00.000000000
1444,428323,8 days 00:40:00.000000000
1445,428346,5 days 18:54:00.000000000
1446,428349,1 days 20:51:00.000000000
1447,428369,1 days 13:20:00.000000000
1448,428375,2 days 13:12:00.000000000
1449,428380,1 days 06:59:00.000000000
1450,428405,0 days 02:14:00.000000000
1451,428408,1 days 00:58:00.000000000
1452,428491,0 days 00:00:00.000000000
1453,428542,8 days 03:19:00.000000000
1454,428569,2 days 01:44:00.000000000
1455,428636,0 days 00:01:00.000000000
1456,428647,13 days 08:22:00.000000000
1457,428678,1 days 03:21:00.000000000
1458,428680,1 days 03:17:00.000000000
1459,428703,1 days 06:18:00.000000000
1460,428714,1 days 06:15:00.000000000
1461,428758,1 days 04:59:00.000000000
1462,428916,0 days 23:20:00.000000000
1463,428927,26 days 21:58:00.000000000
1464,428953,5 days 04:33:00.000000000
1465,429000,0 days 05:27:00.000000000
1466,429049,5 days 00:20:00.000000000
1467,429065,4 days 05:23:00.000000000
1468,429071,4 days 04:30:00.000000000
1469,429076,3 days 22:59:00.000000000
1470,429078,2 days 20:42:00.000000000
1471,429109,5 days 23:15:00.000000000
1472,429120,7 days 02:27:00.000000000
1473,429140,0 days 00:01:00.000000000
1474,429176,9 days 16:51:00.000000000
1475,429270,3 days 00:36:00.000000000
1476,429277,0 days 00:01:00.000000000
1477,429288,31 days 00:47:00.000000000
1478,429461,0 days 07:00:00.000000000
1479,429467,6 days 23:34:00.000000000
1480,429527,9 days 01:51:00.000000000
1481,429541,6 days 22:28:00.000000000
1482,429604,9 days 01:19:00.000000000
1483,429754,0 days 22:12:00.000000000
1484,429760,0 days 20:33:00.000000000
1485,429778,13 days 21:11:00.000000000
1486,429788,0 days 00:02:00.000000000
1487,429793,2 days 17:24:00.000000000
1488,429807,58 days 06:27:00.000000000
1489,429859,2 days 03:39:00.000000000
1490,429871,9 days 08:22:00.000000000
1491,429962,0 days 00:43:00.000000000
1492,430071,6 days 22:36:00.000000000
1493,430083,70 days 23:34:00.000000000
1494,430085,57 days 22:03:00.000000000
1495,430177,40 days 18:17:00.000000000
1496,430180,12 days 18:13:00.000000000
1497,430311,0 days 00:00:00.000000000
1498,430377,1 days 22:50:00.000000000
1499,430512,14 days 16:43:00.000000000
1500,430529,8 days 00:15:00.000000000
1501,430632,76 days 05:10:00.000000000
1502,430659,26 days 03:49:00.000000000
1503,430662,0 days 00:14:00.000000000
1504,430713,8 days 02:24:00.000000000
1505,430807,3 days 19:20:00.000000000
1506,430886,5 days 05:21:00.000000000
1507,430896,7 days 05:13:00.000000000
1508,430905,5 days 05:40:00.000000000
1509,430917,6 days 21:07:00.000000000
1510,430920,11 days 00:11:00.000000000
1511,430922,7 days 04:08:00.000000000
1512,431027,0 days 13:37:00.000000000
1513,431101,45 days 03:41:00.000000000
1514,431153,8 days 20:34:00.000000000
1515,431164,8 days 18:32:00.000000000
1516,431167,13 days 16:41:00.000000000
1517,431180,1 days 20:36:00.000000000
1518,431186,13 days 15:46:00.000000000
1519,431233,0 days 00:00:00.000000000
1520,431457,5 days 03:48:00.000000000
1521,431475,0 days 02:28:00.000000000
1522,431570,8 days 05:03:00.000000000
1523,431572,14 days 21:44:00.000000000
1524,431615,0 days 01:05:00.000000000
1525,431623,0 days 00:00:00.000000000
1526,431636,5 days 20:22:00.000000000
1527,431676,8 days 20:53:00.000000000
1528,431687,0 days 00:10:00.000000000
1529,431694,5 days 01:08:00.000000000
1530,431699,15 days 20:25:00.000000000
1531,431734,18 days 17:13:00.000000000
1532,431819,4 days 04:50:00.000000000
1533,431900,0 days 22:12:00.000000000
1534,431904,4 days 03:41:00.000000000
1535,431942,0 days 02:40:00.000000000
1536,431947,0 days 21:41:00.000000000
1537,431986,4 days 01:37:00.000000000
1538,432002,17 days 19:53:00.000000000
1539,432196,3 days 15:55:00.000000000
1540,432233,1 days 00:40:00.000000000
1541,432238,0 days 04:01:00.000000000
1542,432248,1 days 04:20:00.000000000
1543,432256,1 days 04:59:00.000000000
1544,432328,3 days 04:22:00.000000000
1545,432387,26 days 00:33:00.000000000
1546,432409,9 days 23:30:00.000000000
1547,432465,9 days 16:43:00.000000000
1548,432492,31 days 20:43:00.000000000
1549,432567,10 days 06:05:00.000000000
1550,432581,0 days 21:48:00.000000000
1551,432591,0 days 02:26:00.000000000
1552,432641,10 days 23:27:00.000000000
1553,432937,49 days 21:03:00.000000000
1554,432962,0 days 00:12:00.000000000
1555,432966,3 days 09:02:00.000000000
1556,432971,0 days 00:29:00.000000000
1557,432979,2 days 10:48:00.000000000
1558,433090,8 days 02:34:00.000000000
1559,433099,0 days 01:08:00.000000000
1560,433122,6 days 07:42:00.000000000
1561,433132,15 days 21:37:00.000000000
1562,433155,0 days 02:52:00.000000000
1563,433274,0 days 17:30:00.000000000
1564,433389,0 days 17:09:00.000000000
1565,433406,9 days 10:47:00.000000000
1566,433411,5 days 19:56:00.000000000
1567,433418,0 days 02:34:00.000000000
1568,433426,13 days 15:40:00.000000000
1569,433449,7 days 12:05:00.000000000
1570,433606,0 days 00:01:00.000000000
1571,433682,7 days 15:35:00.000000000
1572,433819,8 days 00:59:00.000000000
1573,433827,0 days 00:02:00.000000000
1574,433840,0 days 00:00:00.000000000
1575,433882,0 days 00:01:00.000000000
1576,433895,0 days 01:56:00.000000000
1577,434021,0 days 00:00:00.000000000
1578,434025,0 days 06:05:00.000000000
1579,434046,0 days 00:00:00.000000000
1580,434361,11 days 20:56:00.000000000
1581,434536,1 days 23:38:00.000000000
1582,434539,55 days 21:03:00.000000000
1583,434543,2 days 22:34:00.000000000
1584,434639,0 days 00:22:00.000000000
1585,434644,0 days 00:55:00.000000000
1586,434742,0 days 22:51:00.000000000
1587,434822,0 days 15:36:00.000000000
1588,434862,6 days 22:22:00.000000000
1589,435036,1 days 05:19:00.000000000
1590,435107,15 days 20:50:00.000000000
1591,435166,42 days 03:35:00.000000000
1592,435312,5 days 18:50:00.000000000
1593,435348,2 days 00:30:00.000000000
1594,435402,0 days 00:05:00.000000000
1595,435445,0 days 08:12:00.000000000
1596,435564,4 days 20:17:00.000000000
1597,435579,0 days 21:43:00.000000000
1598,435618,12 days 21:44:00.000000000
1599,435628,7 days 01:43:00.000000000
1600,435661,5 days 20:37:00.000000000
1601,435725,0 days 00:09:00.000000000
1602,435753,1 days 04:58:00.000000000
1603,435976,6 days 03:40:00.000000000
1604,436035,17 days 18:20:00.000000000
1605,436121,0 days 21:22:00.000000000
1606,436243,7 days 01:27:00.000000000
1607,436253,6 days 21:05:00.000000000
1608,436313,0 days 00:01:00.000000000
1609,436353,0 days 00:06:00.000000000
1610,436369,0 days 05:33:00.000000000
1611,436373,0 days 05:38:00.000000000
1612,436375,0 days 07:26:00.000000000
1613,436391,0 days 06:48:00.000000000
1614,436443,4 days 22:25:00.000000000
1615,436451,24 days 22:14:00.000000000
1616,436508,3 days 19:46:00.000000000
1617,436516,2 days 21:17:00.000000000
1618,436609,4 days 20:06:00.000000000
1619,436629,11 days 21:05:00.000000000
1620,436670,11 days 18:46:00.000000000
1621,436744,1 days 05:21:00.000000000
1622,436747,1 days 04:35:00.000000000
1623,436757,18 days 02:48:00.000000000
1624,436761,10 days 11:29:00.000000000
1625,436853,15 days 19:59:00.000000000
1626,436892,16 days 00:11:00.000000000
1627,437030,0 days 18:25:00.000000000
1628,437049,1 days 00:30:00.000000000
1629,437096,23 days 01:51:00.000000000
1630,437144,14 days 21:59:00.000000000
1631,437318,0 days 23:49:00.000000000
1632,437469,0 days 18:16:00.000000000
1633,437478,27 days 23:19:00.000000000
1634,437491,2 days 08:43:00.000000000
1635,437493,6 days 16:58:00.000000000
1636,437559,0 days 00:09:00.000000000
1637,437587,35 days 02:14:00.000000000
1638,437653,2 days 02:40:00.000000000
1639,437680,2 days 00:58:00.000000000
1640,437686,1 days 04:47:00.000000000
1641,437698,9 days 00:07:00.000000000
1642,437707,0 days 00:00:00.000000000
1643,437720,1 days 21:03:00.000000000
1644,437749,0 days 00:00:00.000000000
1645,437773,8 days 21:40:00.000000000
1646,437798,0 days 00:20:00.000000000
1647,437810,0 days 04:59:00.000000000
1648,437833,1 days 01:08:00.000000000
1649,437843,6 days 00:28:00.000000000
1650,437886,0 days 00:59:00.000000000
1651,437910,19 days 19:20:00.000000000
1652,437916,0 days 00:55:00.000000000
1653,437929,6 days 18:53:00.000000000
1654,437932,10 days 21:49:00.000000000
1655,437936,11 days 00:51:00.000000000
1656,438007,0 days 00:02:00.000000000
1657,438078,4 days 00:43:00.000000000
1658,438212,7 days 03:26:00.000000000
1659,438225,16 days 23:25:00.000000000
1660,438228,0 days 00:05:00.000000000
1661,438238,0 days 18:04:00.000000000
1662,438242,0 days 00:00:00.000000000
1663,438259,14 days 23:05:00.000000000
1664,438267,0 days 01:40:00.000000000
1665,438350,20 days 23:00:00.000000000
1666,438360,0 days 00:48:00.000000000
1667,438382,5 days 20:57:00.000000000
1668,438429,10 days 06:45:00.000000000
1669,438588,0 days 00:01:00.000000000
1670,438603,5 days 01:01:00.000000000
1671,438654,10 days 17:24:00.000000000
1672,438656,10 days 17:16:00.000000000
1673,438662,10 days 17:09:00.000000000
1674,438665,10 days 17:07:00.000000000
1675,438670,1 days 17:29:00.000000000
1676,438711,1 days 03:28:00.000000000
1677,438746,10 days 03:45:00.000000000
1678,438853,7 days 22:23:00.000000000
1679,438863,9 days 18:28:00.000000000
1680,438984,12 days 03:23:00.000000000
1681,439050,1 days 01:39:00.000000000
1682,439129,0 days 17:34:00.000000000
1683,439196,0 days 21:43:00.000000000
1684,439198,6 days 22:45:00.000000000
1685,439204,0 days 00:19:00.000000000
1686,439212,0 days 00:01:00.000000000
1687,439215,0 days 10:15:00.000000000
1688,439217,7 days 07:00:00.000000000
1689,439220,5 days 07:39:00.000000000
1690,439249,11 days 00:48:00.000000000
1691,439389,1 days 04:48:00.000000000
1692,439494,3 days 15:32:00.000000000
1693,439497,4 days 14:20:00.000000000
1694,439500,3 days 15:22:00.000000000
1695,439508,13 days 04:59:00.000000000
1696,439515,5 days 03:53:00.000000000
1697,439958,11 days 16:58:00.000000000
1698,439960,10 days 05:33:00.000000000
1699,440053,0 days 16:30:00.000000000
1700,440055,0 days 16:16:00.000000000
1701,440100,0 days 00:00:00.000000000
1702,440111,0 days 00:00:00.000000000
1703,440139,9 days 00:49:00.000000000
1704,440466,1 days 00:07:00.000000000
1705,440603,0 days 14:33:00.000000000
1706,440607,2 days 04:43:00.000000000
1707,440666,6 days 01:34:00.000000000
1708,440687,0 days 03:08:00.000000000
1709,440748,11 days 23:14:00.000000000
1710,440789,1 days 21:21:00.000000000
1711,440793,6 days 22:27:00.000000000
1712,440798,7 days 03:39:00.000000000
1713,440809,5 days 21:56:00.000000000
1714,440916,7 days 22:32:00.000000000
1715,440964,1 days 15:40:00.000000000
1716,440973,7 days 23:17:00.000000000
1717,440978,5 days 10:56:00.000000000
1718,440981,6 days 04:25:00.000000000
1719,440986,0 days 00:01:00.000000000
1720,440995,0 days 00:00:00.000000000
1721,441058,6 days 00:53:00.000000000
1722,441076,36 days 01:05:00.000000000
1723,441078,36 days 01:03:00.000000000
1724,441080,0 days 05:09:00.000000000
1725,441108,8 days 00:41:00.000000000
1726,441123,5 days 16:48:00.000000000
1727,441150,6 days 04:13:00.000000000
1728,441284,5 days 05:09:00.000000000
1729,441292,3 days 08:57:00.000000000
1730,441299,47 days 03:15:00.000000000
1731,441339,6 days 02:58:00.000000000
1732,441342,3 days 03:49:00.000000000
1733,441346,6 days 02:40:00.000000000
1734,441353,5 days 00:36:00.000000000
1735,441392,4 days 02:09:00.000000000
1736,441469,11 days 00:05:00.000000000
1737,441474,10 days 23:53:00.000000000
1738,441478,10 days 23:36:00.000000000
1739,441601,3 days 14:29:00.000000000
1740,441610,0 days 06:58:00.000000000
1741,441680,0 days 22:44:00.000000000
1742,441845,0 days 00:40:00.000000000
1743,441847,0 days 00:40:00.000000000
1744,441850,0 days 00:39:00.000000000
1745,441934,1 days 02:03:00.000000000
1746,441937,2 days 03:52:00.000000000
1747,441964,5 days 21:21:00.000000000
1748,442040,9 days 04:57:00.000000000
1749,442055,0 days 00:06:00.000000000
1750,442261,0 days 00:18:00.000000000
1751,442323,5 days 02:11:00.000000000
1752,442501,20 days 07:43:00.000000000
1753,442598,7 days 18:57:00.000000000
1754,442632,5 days 05:17:00.000000000
1755,442643,5 days 05:06:00.000000000
1756,442712,9 days 03:49:00.000000000
1757,442841,3 days 04:02:00.000000000
1758,442874,2 days 23:10:00.000000000
1759,442876,2 days 23:39:00.000000000
1760,443059,24 days 22:37:00.000000000
1761,443091,0 days 22:11:00.000000000
1762,443101,2 days 18:57:00.000000000
1763,443165,5 days 20:14:00.000000000
1764,443211,9 days 09:02:00.000000000
1765,443223,2 days 06:13:00.000000000
1766,443281,2 days 03:12:00.000000000
1767,443290,0 days 00:36:00.000000000
1768,443327,5 days 23:25:00.000000000
1769,443331,13 days 23:27:00.000000000
1770,443341,15 days 20:30:00.000000000
1771,443357,43 days 03:00:00.000000000
1772,443396,0 days 01:57:00.000000000
1773,443498,0 days 00:01:00.000000000
1774,443518,0 days 00:45:00.000000000
1775,443529,14 days 07:15:00.000000000
1776,443534,1 days 02:59:00.000000000
1777,443576,14 days 01:42:00.000000000
1778,443734,7 days 06:49:00.000000000
1779,443737,1 days 05:51:00.000000000
1780,443742,0 days 00:12:00.000000000
1781,443777,1 days 04:34:00.000000000
1782,443797,22 days 01:09:00.000000000
1783,443799,22 days 01:08:00.000000000
1784,443802,4 days 22:57:00.000000000
1785,443811,0 days 00:01:00.000000000
1786,443892,5 days 18:19:00.000000000
1787,443919,21 days 20:45:00.000000000
1788,443985,7 days 18:24:00.000000000
1789,443994,7 days 17:58:00.000000000
1790,443996,17 days 17:08:00.000000000
1791,443999,7 days 17:46:00.000000000
1792,444003,7 days 17:42:00.000000000
1793,444007,21 days 15:18:00.000000000
1794,444032,19 days 04:44:00.000000000
1795,444050,0 days 02:33:00.000000000
1796,444145,2 days 18:45:00.000000000
1797,444150,2 days 22:36:00.000000000
1798,444154,2 days 22:54:00.000000000
1799,444245,10 days 19:17:00.000000000
1800,444452,3 days 05:37:00.000000000
1801,444671,1 days 22:11:00.000000000
1802,444700,0 days 00:02:00.000000000
1803,444792,7 days 20:48:00.000000000
1804,444805,7 days 22:01:00.000000000
1805,444818,7 days 21:12:00.000000000
1806,444863,7 days 20:11:00.000000000
1807,445012,0 days 00:03:00.000000000
1808,445018,14 days 08:41:00.000000000
1809,445079,8 days 07:30:00.000000000
1810,445396,6 days 18:53:00.000000000
1811,445419,0 days 00:00:00.000000000
1812,445537,7 days 03:29:00.000000000
1813,445599,22 days 21:01:00.000000000
1814,445613,0 days 00:05:00.000000000
1815,445736,0 days 00:02:00.000000000
1816,445765,5 days 01:48:00.000000000
1817,445832,4 days 23:11:00.000000000
1818,445870,7 days 02:30:00.000000000
1819,446005,28 days 15:47:00.000000000
1820,446049,6 days 07:50:00.000000000
1821,446053,4 days 01:14:00.000000000
1822,446076,3 days 23:53:00.000000000
1823,446156,4 days 18:12:00.000000000
1824,446263,0 days 00:00:00.000000000
1825,446288,7 days 03:01:00.000000000
1826,446310,25 days 01:55:00.000000000
1827,446322,3 days 00:08:00.000000000
1828,446348,3 days 20:05:00.000000000
1829,446428,2 days 19:25:00.000000000
1830,446431,2 days 19:21:00.000000000
1831,446436,9 days 21:50:00.000000000
1832,446441,17 days 19:28:00.000000000
1833,446448,8 days 18:15:00.000000000
1834,446451,22 days 23:43:00.000000000
1835,446454,2 days 18:31:00.000000000
1836,446457,22 days 23:37:00.000000000
1837,446459,2 days 18:26:00.000000000
1838,446522,0 days 00:00:00.000000000
1839,446561,7 days 04:41:00.000000000
1840,446577,1 days 01:39:00.000000000
1841,446624,20 days 02:36:00.000000000
1842,446657,6 days 00:48:00.000000000
1843,446708,2 days 09:10:00.000000000
1844,446764,13 days 21:41:00.000000000
1845,446771,9 days 16:44:00.000000000
1846,446894,0 days 00:00:00.000000000
1847,446899,0 days 03:26:00.000000000
1848,446901,2 days 12:06:00.000000000
1849,446903,14 days 05:53:00.000000000
1850,446917,9 days 05:43:00.000000000
1851,446939,7 days 09:28:00.000000000
1852,446994,21 days 05:48:00.000000000
1853,447013,6 days 00:10:00.000000000
1854,447059,7 days 19:34:00.000000000
1855,447073,5 days 06:53:00.000000000
1856,447085,7 days 20:19:00.000000000
1857,447117,0 days 22:16:00.000000000
1858,447205,0 days 10:16:00.000000000
1859,447271,0 days 00:02:00.000000000
1860,447357,7 days 01:51:00.000000000
1861,447367,15 days 00:18:00.000000000
1862,447479,13 days 23:12:00.000000000
1863,447508,0 days 00:02:00.000000000
1864,447555,0 days 01:03:00.000000000
1865,447585,3 days 00:08:00.000000000
1866,447652,3 days 21:35:00.000000000
1867,447782,8 days 14:07:00.000000000
1868,447784,4 days 07:16:00.000000000
1869,447787,7 days 10:49:00.000000000
1870,447916,10 days 22:29:00.000000000
1871,447918,10 days 22:27:00.000000000
1872,447920,10 days 22:25:00.000000000
1873,447933,10 days 21:58:00.000000000
1874,447936,8 days 02:30:00.000000000
1875,447939,3 days 21:36:00.000000000
1876,447945,10 days 21:41:00.000000000
1877,448042,0 days 17:22:00.000000000
1878,448077,14 days 21:02:00.000000000
1879,448243,9 days 21:05:00.000000000
1880,448301,10 days 23:52:00.000000000
1881,448333,8 days 14:14:00.000000000
1882,448336,7 days 07:08:00.000000000
1883,448338,6 days 12:21:00.000000000
1884,448355,0 days 04:03:00.000000000
1885,448364,0 days 00:41:00.000000000
1886,448391,12 days 01:02:00.000000000
1887,448394,0 days 02:44:00.000000000
1888,448406,7 days 22:38:00.000000000
1889,448430,12 days 00:49:00.000000000
1890,448458,0 days 00:13:00.000000000
1891,448625,6 days 23:43:00.000000000
1892,448686,6 days 23:44:00.000000000
1893,448801,0 days 07:48:00.000000000
1894,448809,5 days 00:31:00.000000000
1895,448906,0 days 00:41:00.000000000
1896,448929,6 days 23:42:00.000000000
1897,448956,6 days 18:45:00.000000000
1898,448966,0 days 00:00:00.000000000
1899,448971,0 days 00:02:00.000000000
1900,449035,3 days 18:23:00.000000000
1901,449158,12 days 02:35:00.000000000
1902,449164,6 days 02:15:00.000000000
1903,449169,0 days 00:46:00.000000000
1904,449233,7 days 00:45:00.000000000
1905,449259,11 days 21:01:00.000000000
1906,449351,12 days 18:43:00.000000000
1907,449794,1 days 19:11:00.000000000
1908,450041,8 days 00:45:00.000000000
1909,450045,0 days 02:15:00.000000000
1910,450047,2 days 04:54:00.000000000
1911,450061,3 days 03:20:00.000000000
1912,450065,5 days 22:16:00.000000000
1913,450067,6 days 01:43:00.000000000
1914,450069,7 days 01:05:00.000000000
1915,450072,7 days 03:59:00.000000000
1916,450074,7 days 06:21:00.000000000
1917,450076,9 days 02:58:00.000000000
1918,450078,10 days 02:50:00.000000000
1919,450080,10 days 03:50:00.000000000
1920,450082,10 days 03:53:00.000000000
1921,450084,13 days 01:34:00.000000000
1922,450104,13 days 05:52:00.000000000
1923,450191,13 days 02:58:00.000000000
1924,450312,0 days 00:01:00.000000000
1925,450359,0 days 22:55:00.000000000
1926,450361,13 days 09:04:00.000000000
1927,450395,0 days 00:01:00.000000000
1928,450484,0 days 01:31:00.000000000
1929,450489,7 days 23:19:00.000000000
1930,450516,1 days 00:14:00.000000000
1931,450520,12 days 00:27:00.000000000
1932,450591,4 days 18:16:00.000000000
1933,450610,0 days 00:01:00.000000000
1934,450732,1 days 02:46:00.000000000
1935,450795,12 days 04:49:00.000000000
1936,450881,3 days 22:56:00.000000000
1937,450885,0 days 23:16:00.000000000
1938,450975,0 days 22:55:00.000000000
1939,450978,0 days 18:28:00.000000000
1940,450993,0 days 21:48:00.000000000
1941,451020,10 days 18:48:00.000000000
1942,451063,0 days 03:43:00.000000000
1943,451099,11 days 06:33:00.000000000
1944,451228,4 days 22:09:00.000000000
1945,451488,9 days 05:50:00.000000000
1946,451837,8 days 08:26:00.000000000
1947,451967,6 days 22:41:00.000000000
1948,452451,0 days 15:50:00.000000000
1949,452464,5 days 10:20:00.000000000
1950,452540,1 days 00:42:00.000000000
1951,452543,7 days 02:50:00.000000000
1952,452623,0 days 21:55:00.000000000
1953,452655,0 days 03:59:00.000000000
1954,452777,0 days 00:01:00.000000000
1955,452791,0 days 00:00:00.000000000
1956,452933,0 days 00:00:00.000000000
1957,452973,0 days 00:01:00.000000000
1958,453008,6 days 13:33:00.000000000
1959,453010,6 days 13:23:00.000000000
1960,453231,1 days 01:06:00.000000000
1961,453554,0 days 19:17:00.000000000
1962,453603,0 days 04:07:00.000000000
1963,453848,0 days 00:22:00.000000000
1964,453976,0 days 15:54:00.000000000
1965,454255,0 days 19:53:00.000000000
1966,454588,0 days 01:14:00.000000000
1967,454741,2 days 04:22:00.000000000
1968,456902,0 days 00:09:00.000000000
1969,459796,0 days 02:13:00.000000000
1970,463056,0 days 00:00:00.000000000
1971,464251,0 days 05:03:00.000000000
1972,464340,0 days 17:34:00.000000000
1973,464620,3 days 08:32:00.000000000
1974,464744,5 days 17:41:00.000000000
1975,465405,4 days 04:31:00.000000000
1976,465491,15 days 07:56:00.000000000
1977,465493,21 days 15:52:00.000000000
1978,465496,0 days 00:16:00.000000000
1979,465499,0 days 00:05:00.000000000
1980,465510,0 days 00:00:00.000000000
1981,465533,9 days 04:34:00.000000000
1982,465535,21 days 08:28:00.000000000
1983,465560,20 days 00:26:00.000000000
1984,465688,20 days 07:01:00.000000000
1985,465749,2 days 23:37:00.000000000
1986,465773,3 days 01:27:00.000000000
1987,465776,20 days 18:27:00.000000000
1988,465926,0 days 00:54:00.000000000
1989,465943,2 days 19:22:00.000000000
1990,465945,2 days 20:33:00.000000000
1991,465947,5 days 22:56:00.000000000
1992,465949,6 days 22:38:00.000000000
1993,465951,7 days 19:59:00.000000000
1994,465953,7 days 23:58:00.000000000
1995,465955,8 days 22:07:00.000000000
1996,465957,8 days 22:58:00.000000000
1997,465961,13 days 22:24:00.000000000
1998,465969,15 days 23:26:00.000000000
1999,465971,20 days 19:23:00.000000000
2000,465973,16 days 20:33:00.000000000
2001,465976,20 days 17:53:00.000000000
2002,466032,19 days 23:37:00.000000000
2003,466035,15 days 15:15:00.000000000
2004,466057,13 days 10:07:00.000000000
2005,466275,21 days 19:31:00.000000000
2006,466308,6 days 20:53:00.000000000
2007,466314,8 days 22:17:00.000000000
2008,466398,15 days 23:36:00.000000000
2009,466458,5 days 13:31:00.000000000
2010,466461,19 days 08:53:00.000000000
2011,466488,0 days 00:06:00.000000000
2012,466548,1 days 04:41:00.000000000
2013,466571,8 days 00:48:00.000000000
2014,466632,1 days 02:45:00.000000000
2015,466754,18 days 21:09:00.000000000
2016,466869,18 days 08:02:00.000000000
2017,466887,0 days 00:19:00.000000000
2018,466938,11 days 21:56:00.000000000
2019,467085,6 days 21:53:00.000000000
2020,467146,18 days 00:37:00.000000000
2021,467243,0 days 00:00:00.000000000
2022,467471,9 days 18:08:00.000000000
2023,467585,9 days 23:16:00.000000000
2024,467724,2 days 02:51:00.000000000
2025,467735,6 days 20:24:00.000000000
2026,467852,14 days 22:19:00.000000000
2027,467957,8 days 23:47:00.000000000
2028,467976,0 days 01:22:00.000000000
2029,468149,1 days 23:16:00.000000000
2030,468309,1 days 05:44:00.000000000
2031,468317,1 days 05:33:00.000000000
2032,468343,13 days 02:26:00.000000000
2033,468420,0 days 00:00:00.000000000
2034,468635,0 days 00:24:00.000000000
2035,468679,4 days 03:53:00.000000000
2036,468697,11 days 02:19:00.000000000
2037,468732,4 days 02:19:00.000000000
2038,468781,10 days 03:21:00.000000000
2039,468813,6 days 21:11:00.000000000
2040,469376,1 days 06:11:00.000000000
2041,469414,6 days 21:50:00.000000000
2042,469474,1 days 01:39:00.000000000
2043,469595,6 days 07:10:00.000000000
2044,469634,0 days 00:26:00.000000000
2045,469656,0 days 00:15:00.000000000
2046,469899,0 days 05:40:00.000000000
2047,470084,6 days 00:28:00.000000000
2048,470309,1 days 00:37:00.000000000
2049,470321,0 days 18:11:00.000000000
2050,470324,2 days 19:36:00.000000000
2051,470413,1 days 01:15:00.000000000
2052,470577,0 days 00:00:00.000000000
2053,470827,0 days 00:01:00.000000000
2054,470838,0 days 01:53:00.000000000
2055,471086,0 days 00:14:00.000000000
2056,471134,0 days 18:55:00.000000000
2057,471138,0 days 19:37:00.000000000
2058,471236,0 days 00:21:00.000000000
2059,471244,0 days 00:01:00.000000000
2060,471309,0 days 00:00:00.000000000
