Issue key,Issue id,Status,Reporter,Created,Due Date,Resolved,Customer,Type of Request,Parent id,time_in_review,time_on_codebusters,time_outside_codebusters
CI-8458,464220,Closed,ssanz,2023-04-11 14:18:00,12/Apr/23 12:00 AM,2023-04-14 09:34:00,TUI AG,Incident Request (IR),464220.0,77.0,3920.0000000000005,116.0
CI-8452,463886,Closed,kgostynska,2023-04-07 15:59:00,11/Apr/23 12:00 AM,2023-04-12 15:17:00,Porsche,Incident Request (IR),463886.0,5742.0,5890.0,1268.0
CI-8435,463434,Closed,yutaka,2023-04-06 02:49:00,13/Apr/23 12:00 AM,2023-04-06 10:10:00,Init AG,Incident Request (IR),463434.0,360.0,360.0,81.0
CI-8425,462813,Closed,nsanchez,2023-04-04 14:58:00,10/Apr/23 12:00 AM,2023-04-05 11:57:00,Amadeus,Incident Request (IR),462813.0,13.0,1252.0,7.0
CI-8425,462813,Closed,nsanchez,2023-04-04 14:58:00,10/Apr/23 12:00 AM,2023-04-05 11:57:00,Amadeus,Incident Request (IR),462813.0,1239.0,1252.0,7.0
CI-8424,462772,Closed,kgostynska,2023-04-04 13:25:00,11/Apr/23 12:00 AM,2023-04-05 13:23:00,Amadeus,Incident Request (IR),462772.0,1334.0,1334.0,104.0
CI-8415,462306,Closed,nsanchez,2023-04-03 08:40:00,04/Apr/23 12:00 AM,2023-04-06 16:20:00,Luther,Incident Request (IR),462306.0,2993.0,4089.0000000000005,691.0
CI-8412,462267,Closed,yutaka,2023-04-03 00:57:00,07/Apr/23 12:00 AM,2023-04-14 09:37:00,CMS Hasche Sigle,Incident Request (IR),462267.0,3584.0,12058.0,4302.000000000001
CI-8360,459333,Closed,nsanchez,2023-03-23 14:52:00,29/Mar/23 12:00 AM,2023-04-05 09:39:00,Customer not yet listed,Incident Request (IR),459333.0,18407.0,18407.0,0.0
CI-8321,456627,Closed,yutaka,2023-03-16 11:21:00,20/Mar/23 12:00 AM,2023-03-29 16:29:00,Lufthansa City Center,Incident Request (IR),456627.0,10343.0,10343.0,8685.000000000002
CI-8316,456446,Closed,ssanz,2023-03-15 16:46:00,22/Mar/23 12:00 AM,2023-04-14 12:32:00,Allianz,Incident Request (IR),456446.0,27422.0,28684.0,14262.0
CI-8314,456336,Closed,nsanchez,2023-03-15 12:34:00,16/Mar/23 12:00 AM,2023-03-22 11:16:00,OBB,Incident Request (IR),456336.0,10002.0,10002.0,0.0
CI-8273,453848,Closed,ssanz,2023-03-07 13:31:00,08/Mar/23 12:00 AM,2023-04-10 10:50:00,Allianz,Incident Request (IR),453848.0,22.0,31408.000000000004,5721.0
CI-8192,449794,Closed,nsanchez,2023-02-20 14:31:00,02/Mar/23 12:00 AM,2023-02-22 15:01:00,OBB,Incident Request (IR),449794.0,2591.0,2910.0,0.0
CI-8168,448338,Closed,yutaka,2023-02-15 02:30:00,20/Feb/23 12:00 AM,2023-03-06 11:13:00,Vaillant,Incident Request (IR),448338.0,9381.0,19344.0,8539.000000000002
CI-8167,448336,Closed,yutaka,2023-02-15 02:08:00,24/Feb/23 12:00 AM,2023-03-08 01:31:00,Amadeus,Incident Request (IR),448336.0,10508.0,20137.0,10066.0
CI-8162,448042,Closed,nsanchez,2023-02-13 16:37:00,13/Feb/23 12:00 AM,2023-02-14 10:07:00,Porsche,Incident Request (IR),448042.0,1042.0000000000002,1042.0000000000002,8.000000000000002
CI-8151,447784,Closed,yutaka,2023-02-13 02:59:00,17/Feb/23 12:00 AM,2023-03-10 07:51:00,Vaillant,Incident Request (IR),447784.0,6196.0,10382.0,25910.0
CI-8137,447073,Closed,nsanchez,2023-02-08 13:39:00,14/Feb/23 12:00 AM,2023-03-07 09:12:00,Porsche,Incident Request (IR),447073.0,7613.0,30083.0,8530.000000000002
CI-8130,446901,Closed,yutaka,2023-02-08 03:24:00,10/Feb/23 12:00 AM,2023-02-17 08:47:00,Endress Hauser,Incident Request (IR),446901.0,3606.0,5586.0,7697.0
CI-8127,446771,Closed,nsanchez,2023-02-07 14:38:00,14/Feb/23 12:00 AM,2023-02-27 09:56:00,msg systems,Incident Request (IR),446771.0,13964.0,18503.0,10015.0
CI-8108,446348,Closed,nsanchez,2023-02-06 11:19:00,09/Feb/23 12:00 AM,2023-02-13 08:47:00,Munckhof,Incident Request (IR),446348.0,5525.0,9778.0,161.0
CI-8099,446053,Closed,nsanchez,2023-02-03 08:59:00,06/Feb/23 12:00 AM,2023-03-07 13:27:00,Porsche,Incident Request (IR),446053.0,5834.0,26797.0,19551.0
CI-8097,446005,Closed,yutaka,2023-02-03 02:15:00,06/Feb/23 12:00 AM,2023-03-24 02:22:00,Continental,Incident Request (IR),446005.0,41267.0,45342.0,0.0
CI-8077,444452,Closed,yutaka,2023-01-30 02:11:00,03/Feb/23 12:00 AM,2023-02-20 05:16:00,Heidelberg Cement,Incident Request (IR),444452.0,4657.0,4955.0,25470.0
CI-8071,444032,Closed,yutaka,2023-01-27 02:43:00,31/Jan/23 12:00 AM,2023-03-10 08:02:00,Vaillant,Incident Request (IR),444032.0,27100.0,31063.0,29736.0
CI-8071,444032,Closed,yutaka,2023-01-27 02:43:00,31/Jan/23 12:00 AM,2023-03-10 08:02:00,Vaillant,Incident Request (IR),444032.0,544.0000000000001,31063.0,29736.0
CI-8054,443576,Closed,tsteinhaeuser,2023-01-25 10:54:00,01/Feb/23 12:00 AM,2023-02-10 09:53:00,Expense Development,Incident Request (IR),443576.0,20262.0,21931.0,1048.0000000000002
CI-8030,442598,Closed,nsanchez,2023-01-19 13:03:00,20/Jan/23 12:00 AM,2023-02-22 08:37:00,MAN,Incident Request (IR),442598.0,9991.0,18023.0,24732.0
CI-8030,442598,Closed,nsanchez,2023-01-19 13:03:00,20/Jan/23 12:00 AM,2023-02-22 08:37:00,MAN,Incident Request (IR),442598.0,1226.0,18023.0,24732.0
CI-8008,441342,Closed,nsanchez,2023-01-13 10:16:00,18/Jan/23 12:00 AM,2023-02-23 08:43:00,Egis,Incident Request (IR),441342.0,4549.0,18494.0,40453.0
CI-8004,441284,Closed,yutaka,2023-01-13 04:01:00,16/Jan/23 12:00 AM,2023-01-25 07:10:00,CEPSA,Incident Request (IR),441284.0,7509.0,7577.0,9892.0
CI-7975,440055,Closed,nsanchez,2023-01-09 16:39:00,10/Jan/23 12:00 AM,2023-01-10 08:56:00,Bentley,Incident Request (IR),440055.0,976.0000000000001,976.0000000000001,1.0000000000000002
CI-7974,440053,Closed,nsanchez,2023-01-09 16:28:00,10/Jan/23 12:00 AM,2023-01-11 08:51:00,Bentley,Incident Request (IR),440053.0,990.0000000000001,990.0000000000001,1433.0
CI-7972,439958,Closed,nsanchez,2023-01-09 12:42:00,12/Jan/23 12:00 AM,2023-01-26 09:58:00,DER,Incident Request (IR),439958.0,4253.000000000001,16858.000000000004,157.0
CI-7972,439958,Closed,nsanchez,2023-01-09 12:42:00,12/Jan/23 12:00 AM,2023-01-26 09:58:00,DER,Incident Request (IR),439958.0,12605.0,16858.000000000004,157.0
CI-7970,439508,Closed,yutaka,2023-01-06 04:38:00,13/Jan/23 12:00 AM,2023-02-10 07:13:00,Amadeus,Incident Request (IR),439508.0,19019.0,20096.0,30459.0
CI-7966,439389,Closed,nsanchez,2023-01-05 12:25:00,09/Jan/23 12:00 AM,2023-01-09 11:15:00,Damm,Incident Request (IR),439389.0,28.0,1728.0,3962.0000000000005
CI-7966,439389,Closed,nsanchez,2023-01-05 12:25:00,09/Jan/23 12:00 AM,2023-01-09 11:15:00,Damm,Incident Request (IR),439389.0,1700.0,1728.0,3962.0000000000005
CI-7950,438853,Closed,nsanchez,2023-01-03 15:50:00,04/Jan/23 12:00 AM,2023-02-09 13:09:00,Porsche,Incident Request (IR),438853.0,8945.0,11556.0,30253.0
CI-7950,438853,Closed,nsanchez,2023-01-03 15:50:00,04/Jan/23 12:00 AM,2023-02-09 13:09:00,Porsche,Incident Request (IR),438853.0,2478.0,11556.0,30253.0
CI-7949,438746,Closed,nsanchez,2023-01-03 10:53:00,10/Jan/23 12:00 AM,2023-01-20 09:41:00,Hugo Boss,Incident Request (IR),438746.0,14625.0,22961.0,1447.0
CI-7940,438429,Closed,ssanz,2022-12-30 10:21:00,06/Jan/23 12:00 AM,2023-02-17 08:26:00,Heidelberg Cement,Incident Request (IR),438429.0,14805.0,16545.000000000004,52842.0
CI-7932,438228,Closed,nsanchez,2022-12-27 14:47:00,03/Jan/23 12:00 AM,2022-12-27 14:52:00,ProcurX,Incident Request (IR),438228.0,5.0,5.0,0.0
CI-7930,438212,Closed,nsanchez,2022-12-27 11:02:00,03/Jan/23 12:00 AM,2023-01-04 10:31:00,Endress Hauser,Incident Request (IR),438212.0,10286.0,10426.0,1063.0000000000002
CI-7929,438078,Closed,nsanchez,2022-12-23 10:06:00,03/Jan/23 12:00 AM,2022-12-27 10:49:00,Endress Hauser,Incident Request (IR),438078.0,5803.0,5803.0,0.0
CI-7927,437936,Closed,ssanz,2022-12-22 15:16:00,29/Dec/22 12:00 AM,2023-01-17 16:00:00,Numiga,Incident Request (IR),437936.0,15891.000000000002,24177.0,13307.0
CI-7921,437843,Closed,yutaka,2022-12-22 10:09:00,26/Dec/22 12:00 AM,2022-12-30 10:21:00,Lufthansa City Center,Incident Request (IR),437843.0,8668.000000000002,8698.000000000002,2834.0
CI-7901,437144,Closed,ssanz,2022-12-19 17:10:00,26/Dec/22 12:00 AM,2023-01-12 14:01:00,Porsche,Incident Request (IR),437144.0,21479.0,21531.0,12840.0
CI-7887,436609,Closed,nsanchez,2022-12-16 14:40:00,21/Dec/22 12:00 AM,2023-01-02 08:59:00,Osram,Incident Request (IR),436609.0,6966.0,23995.0,144.0
CI-7885,436508,Closed,nsanchez,2022-12-16 13:35:00,22/Dec/22 12:00 AM,2022-12-21 13:51:00,OBB,Incident Request (IR),436508.0,5506.0,6955.0,261.00000000000006
CI-7865,435564,Closed,nsanchez,2022-12-14 11:30:00,20/Dec/22 12:00 AM,2022-12-21 09:17:00,Bentley,Incident Request (IR),435564.0,6977.0,9917.0,30.0
CI-7861,435312,Closed,ssanz,2022-12-13 15:15:00,20/Dec/22 12:00 AM,2023-03-01 15:56:00,Audi,Incident Request (IR),435312.0,8330.000000000002,31114.0,81247.0
CI-7836,433449,Closed,yutaka,2022-12-07 08:47:00,08/Dec/22 12:00 AM,2022-12-16 10:51:00,Endress Hauser,Incident Request (IR),433449.0,3415.0,10993.0,2091.0000000000005
CI-7836,433449,Closed,yutaka,2022-12-07 08:47:00,08/Dec/22 12:00 AM,2022-12-16 10:51:00,Endress Hauser,Incident Request (IR),433449.0,7390.0,10993.0,2091.0000000000005
CI-7816,432641,Closed,yutaka,2022-12-05 10:09:00,09/Dec/22 12:00 AM,2023-03-03 14:03:00,CEPSA,Incident Request (IR),432641.0,15807.000000000002,122104.0,4850.0
CI-7808,432567,Closed,yutaka,2022-12-05 08:05:00,09/Dec/22 12:00 AM,2023-01-04 02:16:00,Amadeus,Incident Request (IR),432567.0,14765.0,20215.0,22636.0
CI-7793,431947,Closed,nsanchez,2022-12-01 11:55:00,02/Dec/22 12:00 AM,2022-12-02 10:50:00,Endress Hauser,Incident Request (IR),431947.0,1301.0,1363.0,12.0
CI-7792,431942,Closed,ssanz,2022-12-01 11:33:00,08/Dec/22 12:00 AM,2022-12-01 14:33:00,Allianz,Incident Request (IR),431942.0,160.0,161.0,19.0
CI-7787,431734,Closed,ssanz,2022-11-30 16:24:00,06/Dec/22 12:00 AM,2023-02-10 09:35:00,Allianz,Incident Request (IR),431734.0,26953.0,26955.0,76316.0
CI-7786,431699,Closed,nsanchez,2022-11-30 15:21:00,08/Dec/22 12:00 AM,2022-12-16 12:49:00,Amadeus,Incident Request (IR),431699.0,22825.0,22825.0,63.00000000000001
CI-7779,431572,Closed,nsanchez,2022-11-30 10:24:00,08/Dec/22 12:00 AM,2022-12-15 16:47:00,Porsche,Incident Request (IR),431572.0,21464.0,21776.0,207.0
CI-7759,430662,Closed,nsanchez,2022-11-24 11:42:00,29/Nov/22 12:00 AM,2022-11-24 12:03:00,Allianz,Incident Request (IR),430662.0,14.0,21.0,0.0
CI-7745,429871,Closed,yutaka,2022-11-22 09:11:00,25/Nov/22 12:00 AM,2023-01-04 02:18:00,Continental,Incident Request (IR),429871.0,13462.0,20597.0,40910.0
CI-7717,428927,Closed,ssanz,2022-11-17 17:51:00,24/Nov/22 12:00 AM,2023-01-02 10:02:00,Porsche,Incident Request (IR),428927.0,63.00000000000001,40744.0,25027.0
CI-7717,428927,Closed,ssanz,2022-11-17 17:51:00,24/Nov/22 12:00 AM,2023-01-02 10:02:00,Porsche,Incident Request (IR),428927.0,38695.0,40744.0,25027.0
CI-7706,428491,Closed,ssanz,2022-11-16 11:36:00,23/Nov/22 12:00 AM,2023-02-17 08:25:00,Allianz,Incident Request (IR),428491.0,0.0,99585.0,34144.00000000001
CI-7701,428369,Closed,aruizrobles,2022-11-15 19:56:00,22/Nov/22 12:00 AM,2022-11-17 09:41:00,Numiga,Incident Request (IR),428369.0,2240.0,2240.0,25.0
CI-7690,427837,Closed,nsanchez,2022-11-14 13:32:00,21/Nov/22 12:00 AM,2022-11-16 08:28:00,HRS,Incident Request (IR),427837.0,1642.0,1642.0,934.0
CI-7674,427373,Closed,ssanz,2022-11-10 16:11:00,17/Nov/22 12:00 AM,2023-02-17 08:24:00,Allianz,Incident Request (IR),427373.0,11251.0,98182.0,43911.0
CI-7661,426322,Closed,nsanchez,2022-11-07 17:47:00,08/Nov/22 12:00 AM,2022-11-10 15:33:00,Bentley,Incident Request (IR),426322.0,3955.0000000000005,3956.0000000000005,230.0
CI-7654,425977,Closed,yutaka,2022-11-07 03:22:00,11/Nov/22 12:00 AM,2022-11-29 03:52:00,Grupo Red Electrica,Incident Request (IR),425977.0,3684.0,5090.0,26620.0
CI-7635,425476,Closed,nsanchez,2022-11-03 15:44:00,11/Nov/22 12:00 AM,2022-11-15 13:05:00,Bentley,Incident Request (IR),425476.0,17121.000000000004,17121.000000000004,2.0000000000000004
CI-7633,425455,Closed,nsanchez,2022-11-03 14:44:00,03/Nov/22 12:00 AM,2022-11-04 09:51:00,VW,Incident Request (IR),425455.0,1024.0000000000002,1024.0000000000002,123.00000000000001
CI-7626,424875,Closed,yutaka,2022-11-02 05:59:00,07/Nov/22 12:00 AM,2022-11-08 06:15:00,CMS Hasche Sigle,Incident Request (IR),424875.0,1807.0,7065.0,1591.0
CI-7604,423551,Closed,nsanchez,2022-10-26 13:11:00,26/Oct/22 12:00 AM,2023-02-22 16:04:00,Rewe Group,Incident Request (IR),423551.0,70.0,171473.0,60.0
CI-7599,423370,Closed,yutaka,2022-10-26 05:36:00,02/Nov/22 12:00 AM,2022-11-21 09:52:00,Apleona,Incident Request (IR),423370.0,237.0,10495.0,27201.0
CI-7597,423336,Closed,ssanz,2022-10-25 16:47:00,01/Nov/22 12:00 AM,2023-02-07 09:04:00,DER,Incident Request (IR),423336.0,12579.0,67954.00000000001,82783.0
CI-7589,422945,Closed,ssanz,2022-10-24 13:53:00,31/Oct/22 12:00 AM,2022-10-26 12:38:00,Traton SE,Incident Request (IR),422945.0,1110.0,1632.0,1173.0
CI-7587,422432,Closed,yutaka,2022-10-20 14:47:00,24/Oct/22 12:00 AM,2022-11-08 05:58:00,VW,Incident Request (IR),422432.0,5695.0,7165.0,19666.0
CI-7580,422128,Closed,nsanchez,2022-10-19 12:29:00,19/Oct/22 12:00 AM,2022-10-24 08:35:00,Grupo Red Electrica,Incident Request (IR),422128.0,1604.0,2975.0,3991.0000000000005
CI-7559,421224,Closed,yutaka,2022-10-14 07:53:00,17/Oct/22 12:00 AM,2022-11-07 06:13:00,Grupo Red Electrica,Incident Request (IR),421224.0,81.0,934.0,33526.00000000001
CI-7556,421213,Closed,yutaka,2022-10-14 05:37:00,21/Oct/22 12:00 AM,2022-11-08 05:59:00,Endress Hauser,Incident Request (IR),421213.0,14943.0,17099.000000000004,18923.0
CI-7534,420348,Closed,ssanz,2022-10-11 11:13:00,18/Oct/22 12:00 AM,2022-10-13 11:52:00,Allianz,Incident Request (IR),420348.0,1369.0,1668.0,1251.0
CI-7491,418563,Closed,ssanz,2022-10-04 12:20:00,11/Oct/22 12:00 AM,2022-10-13 11:47:00,Hugo Boss,Incident Request (IR),418563.0,8882.0,10097.0,2830.0
CI-7474,417868,Closed,ssanz,2022-09-29 13:15:00,06/Oct/22 12:00 AM,2022-10-19 17:45:00,Numiga,Incident Request (IR),417868.0,1429.0,7099.0,21971.0
CI-7473,417858,Closed,nsanchez,2022-09-29 12:42:00,06/Oct/22 12:00 AM,2022-10-06 16:27:00,Traton SE,Incident Request (IR),417858.0,10113.0,10294.0,11.0
CI-7472,417808,Closed,ssanz,2022-09-29 11:00:00,06/Oct/22 12:00 AM,2022-10-03 12:53:00,Allianz,Incident Request (IR),417808.0,286.0,286.0,5587.0
CI-7469,417657,Closed,nsanchez,2022-09-28 13:55:00,06/Oct/22 12:00 AM,2022-10-13 10:26:00,EnBW,Incident Request (IR),417657.0,6931.0,12936.0,8455.000000000002
CI-7462,417367,Closed,nsanchez,2022-09-27 14:48:00,06/Oct/22 12:00 AM,2022-10-05 11:53:00,Vaillant,Incident Request (IR),417367.0,1150.0,2538.0,8807.0
CI-7420,415068,Closed,yutaka,2022-09-16 10:20:00,22/Sep/22 12:00 AM,2022-10-13 10:32:00,Endress Hauser,Incident Request (IR),415068.0,8721.000000000002,24520.0,14372.0
CI-7397,413899,Closed,yutaka,2022-09-13 06:08:00,16/Sep/22 12:00 AM,2022-10-03 01:57:00,Universal Investment,Incident Request (IR),413899.0,623.0,1395.0,27154.0
CI-7396,413889,Closed,yutaka,2022-09-13 01:54:00,15/Sep/22 12:00 AM,2022-09-20 09:58:00,Endress Hauser,Incident Request (IR),413889.0,854.0,10548.0,16.000000000000004
CI-7395,413842,Closed,ssanz,2022-09-12 16:16:00,19/Sep/22 12:00 AM,2022-10-03 13:20:00,Egis,Incident Request (IR),413842.0,5374.0,15379.0,14685.0
CI-7380,412555,Closed,nsanchez,2022-09-06 09:50:00,13/Sep/22 12:00 AM,2022-10-13 10:22:00,Fiege,Incident Request (IR),412555.0,13132.0,14498.0,38814.0
CI-7375,411778,Closed,ebert,2022-09-01 12:49:00,15/Sep/22 12:00 AM,2023-01-27 11:47:00,OBB,Incident Request (IR),411778.0,7033.0,107216.0,105842.0
CI-7373,411758,Closed,ebert,2022-09-01 12:11:00,15/Sep/22 12:00 AM,2023-02-13 06:41:00,OBB,Incident Request (IR),411758.0,7071.0,105359.0,131911.00000000003
CI-7364,411179,Closed,nsanchez,2022-08-30 13:12:00,08/Sep/22 12:00 AM,2022-09-26 13:06:00,EnBW,Incident Request (IR),411179.0,11694.0,32953.00000000001,5921.0
CI-7361,410979,Closed,yutaka,2022-08-30 06:51:00,02/Sep/22 12:00 AM,2023-01-06 01:37:00,Amadeus,Incident Request (IR),410979.0,218.0,157780.0,27666.0
CI-7330,410378,Closed,nsanchez,2022-08-25 12:52:00,25/Aug/22 12:00 AM,2022-08-26 15:09:00,Allianz,Incident Request (IR),410378.0,1256.0,1529.0,48.0
CI-7309,410021,Closed,ssanz,2022-08-24 12:37:00,31/Aug/22 12:00 AM,2022-10-06 09:58:00,Allianz,Incident Request (IR),410021.0,2927.0,22277.0,39484.0
CI-7302,409785,Closed,ssanz,2022-08-23 10:54:00,30/Aug/22 12:00 AM,2022-09-08 14:24:00,Allianz,Incident Request (IR),409785.0,4533.0,8708.000000000002,14542.0
CI-7244,408494,Closed,ssanz,2022-08-16 10:53:00,19/Aug/22 12:00 AM,2022-08-16 11:27:00,Allianz,Incident Request (IR),408494.0,2.0000000000000004,9.0,25.0
CI-7241,408471,Closed,nsanchez,2022-08-16 09:46:00,22/Aug/22 12:00 AM,2022-08-26 09:49:00,OBB,Incident Request (IR),408471.0,14403.0,14403.0,0.0
CI-7239,408456,Closed,nsanchez,2022-08-16 08:45:00,18/Aug/22 12:00 AM,2022-08-24 09:41:00,OBB,Incident Request (IR),408456.0,1147.0,5860.0,3915.0000000000005
CI-7239,408456,Closed,nsanchez,2022-08-16 08:45:00,18/Aug/22 12:00 AM,2022-08-24 09:41:00,OBB,Incident Request (IR),408456.0,3066.0,5860.0,3915.0000000000005
CI-7228,407673,Closed,ssanz,2022-08-10 11:55:00,17/Aug/22 12:00 AM,2022-09-02 12:06:00,Egis,Incident Request (IR),407673.0,2792.0,20597.0,12534.0
CI-7228,407673,Closed,ssanz,2022-08-10 11:55:00,17/Aug/22 12:00 AM,2022-09-02 12:06:00,Egis,Incident Request (IR),407673.0,17328.000000000004,20597.0,12534.0
CI-7222,407295,Closed,yutaka,2022-08-09 03:49:00,12/Aug/22 12:00 AM,2022-09-22 04:09:00,Amadeus,Incident Request (IR),407295.0,10453.0,55294.0,8086.000000000001
CI-7216,406867,Closed,ssanz,2022-08-05 15:32:00,12/Aug/22 12:00 AM,2022-08-30 12:55:00,Allianz,Incident Request (IR),406867.0,7073.0,8894.0,26949.0
CI-7208,406588,Closed,ssanz,2022-08-04 13:57:00,11/Aug/22 12:00 AM,2022-08-30 12:53:00,Allianz,Incident Request (IR),406588.0,8533.000000000002,28078.0,9298.0
CI-7204,406493,Closed,nsanchez,2022-08-04 09:53:00,15/Aug/22 12:00 AM,2022-09-01 10:03:00,OBB,Incident Request (IR),406493.0,1413.0,19777.0,20553.0
CI-7116,402716,Closed,yutaka,2022-07-14 13:41:00,15/Jul/22 12:00 AM,2022-07-26 07:18:00,Transnet BW,Incident Request (IR),402716.0,1.0000000000000002,8.000000000000002,16889.000000000004
CI-7101,402477,Closed,yutaka,2022-07-13 09:02:00,27/Jul/22 12:00 AM,2022-09-14 03:54:00,Endress Hauser,Incident Request (IR),402477.0,19020.0,36063.0,54349.0
CI-7101,402477,Closed,yutaka,2022-07-13 09:02:00,27/Jul/22 12:00 AM,2022-09-14 03:54:00,Endress Hauser,Incident Request (IR),402477.0,1136.0,36063.0,54349.0
CI-7101,402477,Closed,yutaka,2022-07-13 09:02:00,27/Jul/22 12:00 AM,2022-09-14 03:54:00,Endress Hauser,Incident Request (IR),402477.0,0.0,36063.0,54349.0
CI-7095,401699,Closed,nsanchez,2022-07-08 10:36:00,11/Jul/22 12:00 AM,2022-07-12 11:55:00,Ledvance,Incident Request (IR),401699.0,4345.000000000001,4697.0,1142.0
CI-7091,401378,Closed,nsanchez,2022-07-07 08:49:00,14/Jul/22 12:00 AM,2022-08-29 10:10:00,Rehau,Incident Request (IR),401378.0,10491.0,47255.0,29146.0
CI-7083,401064,Closed,yutaka,2022-07-06 03:36:00,08/Jul/22 12:00 AM,2022-08-17 10:49:00,OBB,Incident Request (IR),401064.0,60912.0,60912.0,1.0000000000000002
CI-7082,401057,Closed,ssanz,2022-07-05 17:41:00,08/Jul/22 12:00 AM,2022-07-20 12:56:00,Continental,Incident Request (IR),401057.0,936.0,21315.0,0.0
CI-7080,401042,Closed,ssanz,2022-07-05 16:41:00,08/Jul/22 12:00 AM,2023-01-24 10:14:00,CEPSA,Incident Request (IR),401042.0,1069.0000000000002,7172.0,284761.0
CI-7078,400823,Closed,yutaka,2022-07-05 04:19:00,15/Jul/22 12:00 AM,2022-08-05 05:43:00,CMS Hasche Sigle,Incident Request (IR),400823.0,2132.0000000000005,11488.0,33236.00000000001
CI-7073,400683,Closed,nsanchez,2022-07-04 12:21:00,07/Jul/22 12:00 AM,2022-08-04 08:53:00,TUI AG,Incident Request (IR),400683.0,288.0,34843.00000000001,9589.0
CI-7073,400683,Closed,nsanchez,2022-07-04 12:21:00,07/Jul/22 12:00 AM,2022-08-04 08:53:00,TUI AG,Incident Request (IR),400683.0,1563.0,34843.00000000001,9589.0
CI-7057,399914,Closed,nsanchez,2022-06-29 12:47:00,05/Jul/22 12:00 AM,2022-07-27 08:40:00,Traton SE,Incident Request (IR),399914.0,11.0,23411.0,16662.000000000004
CI-7057,399914,Closed,nsanchez,2022-06-29 12:47:00,05/Jul/22 12:00 AM,2022-07-27 08:40:00,Traton SE,Incident Request (IR),399914.0,2663.0,23411.0,16662.000000000004
CI-7052,399794,Closed,yutaka,2022-06-29 03:50:00,05/Jul/22 12:00 AM,2022-07-27 03:57:00,Vaillant,Incident Request (IR),399794.0,7699.0,9021.0,31306.000000000004
CI-7038,399153,Closed,yutaka,2022-06-27 05:32:00,30/Jun/22 12:00 AM,2022-08-09 13:14:00,Endress Hauser,Incident Request (IR),399153.0,14878.0,59802.0,2580.0
CI-7030,398778,Closed,ssanz,2022-06-23 15:03:00,30/Jun/22 12:00 AM,2022-07-15 08:54:00,Amadeus,Incident Request (IR),398778.0,11511.0,15953.000000000002,15358.0
CI-7027,398669,Closed,ssanz,2022-06-23 10:29:00,30/Jun/22 12:00 AM,2022-07-15 08:59:00,CMS Hasche Sigle,Incident Request (IR),398669.0,17198.000000000004,22961.0,8629.000000000002
CI-7023,398495,Closed,ssanz,2022-06-22 12:10:00,29/Jun/22 12:00 AM,2022-07-28 09:41:00,Luther,Incident Request (IR),398495.0,10111.0,10111.0,41580.0
CI-7015,398079,Closed,ssanz,2022-06-20 13:14:00,27/Jun/22 12:00 AM,2022-07-11 09:06:00,Bentley,Incident Request (IR),398079.0,5628.0,12243.0,17749.0
CI-7014,398055,Closed,ssanz,2022-06-20 11:54:00,27/Jun/22 12:00 AM,2022-07-21 15:41:00,LKW Walter,Incident Request (IR),398055.0,501.00000000000006,6376.0,34392.00000000001
CI-7014,398055,Closed,ssanz,2022-06-20 11:54:00,27/Jun/22 12:00 AM,2022-07-21 15:41:00,LKW Walter,Incident Request (IR),398055.0,2782.0,6376.0,34392.00000000001
CI-6972,396273,Closed,nsanchez,2022-06-08 10:02:00,14/Jun/22 12:00 AM,2022-07-04 08:16:00,CEPSA,Incident Request (IR),396273.0,18795.0,21738.0,15596.000000000002
CI-6965,396026,Closed,ssanz,2022-06-07 14:44:00,10/Jun/22 12:00 AM,2022-06-08 18:04:00,Numiga,Incident Request (IR),396026.0,27.0,1110.0,530.0000000000001
CI-6940,394478,Closed,nsanchez,2022-05-30 10:37:00,30/May/22 12:00 AM,2022-06-01 16:00:00,TUI AG,Incident Request (IR),394478.0,3201.0,3201.0,2.0000000000000004
CI-6939,394390,Closed,yutaka,2022-05-30 04:46:00,03/Jun/22 12:00 AM,2022-06-15 02:25:00,Endress Hauser,Incident Request (IR),394390.0,1662.0,4057.0000000000005,17061.000000000004
CI-6938,394270,Closed,ssanz,2022-05-27 14:42:00,03/Jun/22 12:00 AM,2022-06-03 09:26:00,Allianz,Incident Request (IR),394270.0,90.0,90.0,9674.0
CI-6937,394219,Closed,ssanz,2022-05-27 13:03:00,03/Jun/22 12:00 AM,2022-05-31 13:48:00,Allianz,Incident Request (IR),394219.0,56.0,4072.0000000000005,1733.0
CI-6935,394172,Closed,ssanz,2022-05-27 10:26:00,03/Jun/22 12:00 AM,2022-07-13 12:45:00,Bentley,Incident Request (IR),394172.0,14626.0,66340.00000000001,48907.0
CI-6935,394172,Closed,ssanz,2022-05-27 10:26:00,03/Jun/22 12:00 AM,2022-07-13 12:45:00,Bentley,Incident Request (IR),394172.0,51714.0,66340.00000000001,48907.0
CI-6933,394093,Closed,yutaka,2022-05-27 04:22:00,31/May/22 12:00 AM,2022-06-17 03:13:00,CMS Hasche Sigle,Incident Request (IR),394093.0,565.0,4963.0,25208.0
CI-6929,393937,Closed,ngraf,2022-05-26 03:18:00,31/May/22 12:00 AM,2022-06-21 11:24:00,OBB,Incident Request (IR),393937.0,423.0,27996.0,9930.0
CI-6928,393893,Closed,ssanz,2022-05-25 17:05:00,01/Jun/22 12:00 AM,2022-06-03 09:26:00,Allianz,Incident Request (IR),393893.0,2796.0,2796.0,9705.0
CI-6922,393737,Closed,ssanz,2022-05-25 10:52:00,02/Jun/22 12:00 AM,2022-11-07 10:23:00,Porsche,Incident Request (IR),393737.0,11613.0,236497.0,2514.0
CI-6913,393617,Closed,nsanchez,2022-05-24 16:23:00,31/May/22 12:00 AM,2022-06-27 15:26:00,Amadeus,Incident Request (IR),393617.0,4348.000000000001,31246.000000000004,17657.0
CI-6904,393418,Closed,ssanz,2022-05-23 16:46:00,30/May/22 12:00 AM,2022-06-07 08:23:00,Vaillant,Incident Request (IR),393418.0,2811.0,14561.0,6536.0
CI-6902,393407,Closed,ngraf,2022-05-23 16:22:00,30/May/22 12:00 AM,2022-06-08 17:11:00,i:FAO,Incident Request (IR),393407.0,2814.0,11180.0,11909.0
CI-6896,392970,Closed,ngraf,2022-05-19 23:54:00,24/May/22 12:00 AM,2022-05-26 03:01:00,OBB,Incident Request (IR),392970.0,6569.0,6674.0,2153.0000000000005
CI-6881,392677,Closed,ngraf,2022-05-19 02:13:00,23/May/22 12:00 AM,2022-06-08 17:09:00,OBB,Incident Request (IR),392677.0,570.0,15062.0,14634.0
CI-6877,392371,Closed,yutaka,2022-05-18 04:34:00,20/May/22 12:00 AM,2022-06-28 11:06:00,CMS Hasche Sigle,Incident Request (IR),392371.0,299.0,322.0,59110.0
CI-6870,391747,Closed,yutaka,2022-05-17 05:39:00,19/May/22 12:00 AM,2022-06-15 02:08:00,Continental,Incident Request (IR),391747.0,574.0,706.0,40257.0
CI-6845,390348,Closed,yutaka,2022-05-13 07:46:00,17/May/22 12:00 AM,2022-06-08 02:05:00,Amadeus,Incident Request (IR),390348.0,0.0,6183.0,30915.0
CI-6845,390348,Closed,yutaka,2022-05-13 07:46:00,17/May/22 12:00 AM,2022-06-08 02:05:00,Amadeus,Incident Request (IR),390348.0,5925.0,6183.0,30915.0
CI-6840,390308,Closed,yutaka,2022-05-13 06:05:00,17/May/22 12:00 AM,2022-06-06 06:51:00,Orange,Incident Request (IR),390308.0,13.0,6044.0,28562.0
CI-6840,390308,Closed,yutaka,2022-05-13 06:05:00,17/May/22 12:00 AM,2022-06-06 06:51:00,Orange,Incident Request (IR),390308.0,5962.0,6044.0,28562.0
CI-6835,390174,Closed,aklabisz,2022-05-12 13:28:00,12/May/22 12:00 AM,2022-05-13 11:31:00,Rheinmetall,Incident Request (IR),390174.0,0.0,67.00000000000001,1256.0
CI-6835,390174,Closed,aklabisz,2022-05-12 13:28:00,12/May/22 12:00 AM,2022-05-13 11:31:00,Rheinmetall,Incident Request (IR),390174.0,39.0,67.00000000000001,1256.0
CI-6831,390012,Closed,ssanz,2022-05-12 06:48:00,19/May/22 12:00 AM,2022-06-01 15:13:00,Allianz,Incident Request (IR),390012.0,1659.0,1660.0,27645.0
CI-6820,389469,Closed,ssanz,2022-05-10 15:00:00,13/May/22 12:00 AM,2022-05-17 12:03:00,Allianz,Incident Request (IR),389469.0,2935.0,4746.0,5157.0
CI-6810,389246,Closed,yutaka,2022-05-10 05:47:00,12/May/22 12:00 AM,2022-06-08 02:09:00,Amadeus,Incident Request (IR),389246.0,448.0,1429.0,31620.000000000004
CI-6810,389246,Closed,yutaka,2022-05-10 05:47:00,12/May/22 12:00 AM,2022-06-08 02:09:00,Amadeus,Incident Request (IR),389246.0,292.0,1429.0,31620.000000000004
CI-6788,387985,Closed,nsanchez,2022-05-03 14:01:00,05/May/22 12:00 AM,2022-05-06 12:26:00,Amadeus,Incident Request (IR),387985.0,2867.0,4225.000000000001,0.0
CI-6780,387588,Closed,aklabisz,2022-04-29 15:05:00,04/May/22 12:00 AM,2022-05-13 11:34:00,Vaillant,Incident Request (IR),387588.0,8393.000000000002,13977.0,5972.0
CI-6779,387583,Closed,ssanz,2022-04-29 14:58:00,06/May/22 12:00 AM,2022-05-19 12:06:00,Allianz,Incident Request (IR),387583.0,4287.000000000001,16018.000000000002,21511.0
CI-6778,387550,Closed,ssanz,2022-04-29 13:50:00,05/May/22 12:00 AM,2022-05-17 11:49:00,Allianz,Incident Request (IR),387550.0,4058.0000000000005,20612.0,15293.0
CI-6757,387044,Closed,nsanchez,2022-04-27 13:01:00,29/Apr/22 12:00 AM,2022-05-19 10:36:00,Endress Hauser,Incident Request (IR),387044.0,1814.0,14636.0,11468.0
CI-6757,387044,Closed,nsanchez,2022-04-27 13:01:00,29/Apr/22 12:00 AM,2022-05-19 10:36:00,Endress Hauser,Incident Request (IR),387044.0,7301.0,14636.0,11468.0
CI-6755,386864,Closed,nsanchez,2022-04-26 17:16:00,02/May/22 12:00 AM,2022-08-09 14:31:00,Hugo Boss,Incident Request (IR),386864.0,7563.0,127477.00000000001,27182.0
CI-6755,386864,Closed,nsanchez,2022-04-26 17:16:00,02/May/22 12:00 AM,2022-08-09 14:31:00,Hugo Boss,Incident Request (IR),386864.0,11196.0,127477.00000000001,27182.0
CI-6755,386864,Closed,nsanchez,2022-04-26 17:16:00,02/May/22 12:00 AM,2022-08-09 14:31:00,Hugo Boss,Incident Request (IR),386864.0,315.0,127477.00000000001,27182.0
CI-6755,386864,Closed,nsanchez,2022-04-26 17:16:00,02/May/22 12:00 AM,2022-08-09 14:31:00,Hugo Boss,Incident Request (IR),386864.0,18736.0,127477.00000000001,27182.0
CI-6755,386864,Closed,nsanchez,2022-04-26 17:16:00,02/May/22 12:00 AM,2022-08-09 14:31:00,Hugo Boss,Incident Request (IR),386864.0,18928.0,127477.00000000001,27182.0
CI-6747,386623,Closed,ssanz,2022-04-25 14:24:00,03/May/22 12:00 AM,2022-06-01 10:47:00,Allianz,Incident Request (IR),386623.0,1313.0,31822.000000000004,24200.0
CI-6747,386623,Closed,ssanz,2022-04-25 14:24:00,03/May/22 12:00 AM,2022-06-01 10:47:00,Allianz,Incident Request (IR),386623.0,11435.0,31822.000000000004,24200.0
CI-6744,386427,Closed,nsanchez,2022-04-22 11:21:00,26/Apr/22 12:00 AM,2022-06-27 15:28:00,CMS Hasche Sigle,Incident Request (IR),386427.0,16038.000000000002,36239.0,59048.0
CI-6739,386135,Closed,yutaka,2022-04-21 02:39:00,25/Apr/22 12:00 AM,2022-05-06 09:49:00,Burda,Incident Request (IR),386135.0,9275.0,17634.0,4396.0
CI-6733,385700,Closed,yutaka,2022-04-19 14:51:00,21/Apr/22 12:00 AM,2022-05-30 05:18:00,Rheinmetall,Incident Request (IR),385700.0,11166.0,15042.0,45287.0
CI-6733,385700,Closed,yutaka,2022-04-19 14:51:00,21/Apr/22 12:00 AM,2022-05-30 05:18:00,Rheinmetall,Incident Request (IR),385700.0,30.0,15042.0,45287.0
CI-6731,385644,Closed,ssanz,2022-04-19 11:44:00,26/Apr/22 12:00 AM,2022-05-11 12:41:00,Allianz,Incident Request (IR),385644.0,702.0,17720.0,14017.0
CI-6731,385644,Closed,ssanz,2022-04-19 11:44:00,26/Apr/22 12:00 AM,2022-05-11 12:41:00,Allianz,Incident Request (IR),385644.0,5466.0,17720.0,14017.0
CI-6731,385644,Closed,ssanz,2022-04-19 11:44:00,26/Apr/22 12:00 AM,2022-05-11 12:41:00,Allianz,Incident Request (IR),385644.0,11552.0,17720.0,14017.0
CI-6729,385368,Closed,yutaka,2022-04-18 06:48:00,29/Apr/22 12:00 AM,2022-05-03 09:33:00,Rheinmetall,Incident Request (IR),385368.0,20582.0,20758.0,1007.0000000000001
CI-6719,384648,Closed,ssanz,2022-04-12 15:36:00,19/Apr/22 12:00 AM,2022-06-01 13:05:00,Damm,Incident Request (IR),384648.0,19773.0,70160.0,1689.0
CI-6712,384475,Closed,yutaka,2022-04-12 03:02:00,15/Apr/22 12:00 AM,2022-05-09 10:08:00,VW,Incident Request (IR),384475.0,13187.0,14724.0,24582.0
CI-6702,383849,Closed,ngraf,2022-04-07 17:46:00,08/Apr/22 12:00 AM,2022-05-23 16:25:00,i:FAO,Incident Request (IR),383849.0,66158.00000000001,66158.00000000001,1.0000000000000002
CI-6700,383748,Closed,nsanchez,2022-04-07 13:39:00,12/Apr/22 12:00 AM,2022-04-20 09:14:00,TUI AG,Incident Request (IR),383748.0,7332.0,16866.000000000004,7082.0
CI-6697,383596,Closed,ngraf,2022-04-06 17:51:00,07/Apr/22 12:00 AM,2022-04-26 15:22:00,Rheinmetall,Incident Request (IR),383596.0,2339.0,23591.0,17654.0
CI-6695,383551,Closed,ssanz,2022-04-06 14:32:00,13/Apr/22 12:00 AM,2022-05-09 14:40:00,Allianz,Incident Request (IR),383551.0,11347.0,41391.0,6137.0
CI-6680,382532,Closed,ssanz,2022-03-31 18:04:00,07/Apr/22 12:00 AM,2022-04-18 13:14:00,TUI AG,Incident Request (IR),382532.0,1644.0,18000.0,7630.0
CI-6680,382532,Closed,ssanz,2022-03-31 18:04:00,07/Apr/22 12:00 AM,2022-04-18 13:14:00,TUI AG,Incident Request (IR),382532.0,5275.0,18000.0,7630.0
CI-6676,382398,Closed,ssanz,2022-03-31 11:25:00,05/Apr/22 12:00 AM,2022-04-05 15:32:00,Heidelberg Cement,Incident Request (IR),382398.0,5706.0,5706.0,1741.0
CI-6674,382232,Closed,ngraf,2022-03-30 22:11:00,07/Apr/22 12:00 AM,2022-08-04 13:14:00,Rheinmetall,Incident Request (IR),382232.0,36651.0,57219.0,136903.00000000003
CI-6674,382232,Closed,ngraf,2022-03-30 22:11:00,07/Apr/22 12:00 AM,2022-08-04 13:14:00,Rheinmetall,Incident Request (IR),382232.0,1.0000000000000002,57219.0,136903.00000000003
CI-6674,382232,Closed,ngraf,2022-03-30 22:11:00,07/Apr/22 12:00 AM,2022-08-04 13:14:00,Rheinmetall,Incident Request (IR),382232.0,6407.0,57219.0,136903.00000000003
CI-6674,382232,Closed,ngraf,2022-03-30 22:11:00,07/Apr/22 12:00 AM,2022-08-04 13:14:00,Rheinmetall,Incident Request (IR),382232.0,1372.0,57219.0,136903.00000000003
CI-6652,380810,Closed,yutaka,2022-03-25 05:50:00,31/Mar/22 12:00 AM,2022-05-16 02:56:00,Amadeus,Incident Request (IR),380810.0,17781.0,45028.0,29678.0
CI-6641,377184,Closed,hilbich,2022-03-23 08:01:00,30/Mar/22 12:00 AM,2022-03-25 15:44:00,Endress Hauser,Incident Request (IR),377184.0,2057.0000000000005,3288.0,55.0
CI-6612,376087,Closed,hilbich,2022-03-17 08:00:00,24/Mar/22 12:00 AM,2022-03-25 15:43:00,MAN,Incident Request (IR),376087.0,7716.0,11930.0,53.0
CI-6610,375982,Closed,nsanchez,2022-03-16 14:08:00,18/Mar/22 12:00 AM,2022-03-25 08:53:00,Porsche,Incident Request (IR),375982.0,8529.000000000002,11683.0,962.0
CI-6589,374996,Closed,ssanz,2022-03-11 12:56:00,18/Mar/22 12:00 AM,2022-03-23 14:52:00,Grupo Red Electrica,Incident Request (IR),374996.0,7313.0,8662.000000000002,8734.000000000002
CI-6582,374685,Closed,ssanz,2022-03-10 11:11:00,15/Mar/22 12:00 AM,2022-05-10 19:16:00,Porsche,Incident Request (IR),374685.0,31569.000000000004,59065.0,29262.0
CI-6527,373140,Closed,ssanz,2022-03-03 13:37:00,10/Mar/22 12:00 AM,2022-03-09 16:21:00,Porsche,Incident Request (IR),373140.0,5740.0,8610.000000000002,194.0
CI-6526,373103,Closed,ssanz,2022-03-03 11:54:00,09/Mar/22 12:00 AM,2022-03-23 14:50:00,ProcurX,Incident Request (IR),373103.0,9964.0,9964.0,19012.0
CI-6507,372452,Closed,yutaka,2022-03-01 08:47:00,04/Mar/22 12:00 AM,2022-04-12 03:41:00,Rehau,Incident Request (IR),372452.0,21540.0,40445.0,19729.0
CI-6505,372383,Closed,nsanchez,2022-02-28 16:51:00,03/Mar/22 12:00 AM,2022-03-09 16:25:00,Amadeus,Incident Request (IR),372383.0,1163.0,12515.0,420.0
CI-6505,372383,Closed,nsanchez,2022-02-28 16:51:00,03/Mar/22 12:00 AM,2022-03-09 16:25:00,Amadeus,Incident Request (IR),372383.0,9862.0,12515.0,420.0
CI-6498,372031,Closed,ssanz,2022-02-25 12:38:00,02/Mar/22 12:00 AM,2022-06-21 09:06:00,Allianz,Incident Request (IR),372031.0,8869.0,136941.00000000003,52658.0
CI-6498,372031,Closed,ssanz,2022-02-25 12:38:00,02/Mar/22 12:00 AM,2022-06-21 09:06:00,Allianz,Incident Request (IR),372031.0,47486.0,136941.00000000003,52658.0
CI-6494,371930,Closed,nsanchez,2022-02-25 09:25:00,25/Feb/22 12:00 AM,2022-03-02 15:59:00,Amadeus,Incident Request (IR),371930.0,7143.0,7491.0,103.0
CI-6479,371140,Closed,nsanchez,2022-02-22 10:16:00,28/Feb/22 12:00 AM,2022-03-02 12:30:00,Endress Hauser,Incident Request (IR),371140.0,145.0,2092.0000000000005,9562.0
CI-6479,371140,Closed,nsanchez,2022-02-22 10:16:00,28/Feb/22 12:00 AM,2022-03-02 12:30:00,Endress Hauser,Incident Request (IR),371140.0,1376.0,2092.0000000000005,9562.0
CI-6465,370460,Closed,ssanz,2022-02-17 15:34:00,24/Feb/22 12:00 AM,2022-06-07 10:43:00,Allianz,Incident Request (IR),370460.0,5620.0,156535.0,1662.0
CI-6454,370133,Closed,ssanz,2022-02-16 15:40:00,23/Feb/22 12:00 AM,2022-03-09 14:53:00,Allianz,Incident Request (IR),370133.0,18.0,1265.0,28945.0
CI-6444,369723,Closed,nsanchez,2022-02-15 12:47:00,18/Feb/22 12:00 AM,2022-03-07 10:03:00,ArcelorMittal,Incident Request (IR),369723.0,33.00000000000001,28636.0,0.0
CI-6443,369678,Closed,aklabisz,2022-02-15 12:18:00,21/Feb/22 12:00 AM,2022-02-22 12:44:00,Endress Hauser,Incident Request (IR),369678.0,3.0,8437.000000000002,1668.0
CI-6419,368842,Closed,ssanz,2022-02-11 14:54:00,18/Feb/22 12:00 AM,2022-03-28 15:01:00,Rhenus,Incident Request (IR),368842.0,34639.00000000001,60476.0,4331.000000000001
CI-6389,368483,Closed,ssanz,2022-02-10 12:17:00,17/Feb/22 12:00 AM,2022-02-17 12:50:00,Porsche,Incident Request (IR),368483.0,55.0,8460.000000000002,1653.0
CI-6388,368351,Closed,nsanchez,2022-02-10 09:55:00,16/Feb/22 12:00 AM,2022-02-15 14:07:00,Rehau,Incident Request (IR),368351.0,1.0000000000000002,7302.0,118.0
CI-6388,368351,Closed,nsanchez,2022-02-10 09:55:00,16/Feb/22 12:00 AM,2022-02-15 14:07:00,Rehau,Incident Request (IR),368351.0,7301.0,7302.0,118.0
CI-6381,368000,Closed,ssanz,2022-02-08 16:32:00,11/Feb/22 12:00 AM,2022-02-15 11:37:00,ArcelorMittal,Incident Request (IR),368000.0,1458.0,7057.0,2728.0
CI-6375,367349,Closed,ssanz,2022-02-04 11:07:00,14/Feb/22 12:00 AM,2022-03-28 10:20:00,TUI AG,Incident Request (IR),367349.0,10025.0,22588.0,52302.0
CI-6367,366934,Closed,nsanchez,2022-02-02 13:07:00,08/Feb/22 12:00 AM,2022-02-16 09:02:00,Aquila Capital,Incident Request (IR),366934.0,18474.0,18615.0,1300.0
CI-6366,366917,Closed,nsanchez,2022-02-02 12:25:00,04/Feb/22 12:00 AM,2022-02-04 13:18:00,Luther,Incident Request (IR),366917.0,2919.0,2922.0,12.0
CI-6353,366519,Closed,ngraf,2022-01-31 17:26:00,01/Feb/22 12:00 AM,2022-02-02 20:52:00,Fiege,Incident Request (IR),366519.0,1.0000000000000002,3086.0,0.0
CI-6349,366046,Closed,ssanz,2022-01-28 09:01:00,04/Feb/22 12:00 AM,2022-02-11 11:42:00,Enercon,Incident Request (IR),366046.0,20320.0,20320.0,1.0000000000000002
CI-6348,366004,Closed,yutaka,2022-01-28 06:36:00,28/Jan/22 12:00 AM,2022-02-21 05:37:00,Continental,Incident Request (IR),366004.0,76.0,1287.0,33214.00000000001
CI-6348,366004,Closed,yutaka,2022-01-28 06:36:00,28/Jan/22 12:00 AM,2022-02-21 05:37:00,Continental,Incident Request (IR),366004.0,219.0,1287.0,33214.00000000001
CI-6342,365630,Closed,nsanchez,2022-01-26 14:33:00,26/Jan/22 12:00 AM,2022-01-27 11:10:00,ArcelorMittal,Incident Request (IR),365630.0,49.0,1167.0,70.0
CI-6337,365404,Closed,gheorghe,2022-01-25 17:37:00,01/Feb/22 12:00 AM,2022-02-15 14:29:00,ArcelorMittal,Incident Request (IR),365404.0,17044.000000000004,24127.0,5925.0
CI-6337,365404,Closed,gheorghe,2022-01-25 17:37:00,01/Feb/22 12:00 AM,2022-02-15 14:29:00,ArcelorMittal,Incident Request (IR),365404.0,955.0,24127.0,5925.0
CI-6334,365196,Closed,yutaka,2022-01-25 08:46:00,26/Jan/22 12:00 AM,2022-01-27 07:46:00,Continental,Incident Request (IR),365196.0,1610.0,1721.0,1099.0
CI-6326,364733,Closed,guinoo,2022-01-24 02:47:00,28/Jan/22 12:00 AM,2022-02-07 01:33:00,Endress Hauser,Incident Request (IR),364733.0,16330.000000000002,20085.0,1.0000000000000002
CI-6311,363590,Closed,guinoo,2022-01-19 09:00:00,24/Jan/22 12:00 AM,2022-01-19 09:31:00,Luther,Incident Request (IR),363590.0,31.000000000000004,31.000000000000004,0.0
CI-6283,363207,Closed,nsanchez,2022-01-17 15:29:00,20/Jan/22 12:00 AM,2022-02-10 11:25:00,CEPSA,Incident Request (IR),363207.0,34316.00000000001,34316.00000000001,0.0
CI-6281,362963,Closed,yutaka,2022-01-17 07:05:00,21/Jan/22 12:00 AM,2022-01-18 07:41:00,Endress Hauser,Incident Request (IR),362963.0,476.0,476.0,1000.0000000000001
CI-6268,362783,Closed,yutaka,2022-01-14 11:52:00,19/Jan/22 12:00 AM,2022-02-17 04:38:00,Osram,Incident Request (IR),362783.0,5691.0,38723.0,9803.0
CI-6256,362068,Closed,nsanchez,2022-01-11 16:13:00,18/Jan/22 12:00 AM,2022-02-24 16:11:00,Allianz,Incident Request (IR),362068.0,9886.0,28103.0,31070.0
CI-6256,362068,Closed,nsanchez,2022-01-11 16:13:00,18/Jan/22 12:00 AM,2022-02-24 16:11:00,Allianz,Incident Request (IR),362068.0,4312.000000000001,28103.0,31070.0
CI-6256,362068,Closed,nsanchez,2022-01-11 16:13:00,18/Jan/22 12:00 AM,2022-02-24 16:11:00,Allianz,Incident Request (IR),362068.0,8154.000000000001,28103.0,31070.0
CI-6255,362030,Closed,yutaka,2022-01-11 14:54:00,21/Jan/22 12:00 AM,2022-02-24 01:11:00,Rehau,Incident Request (IR),362030.0,779.0,42023.0,20514.0
CI-6255,362030,Closed,yutaka,2022-01-11 14:54:00,21/Jan/22 12:00 AM,2022-02-24 01:11:00,Rehau,Incident Request (IR),362030.0,31412.000000000004,42023.0,20514.0
CI-6253,361976,Closed,yutaka,2022-01-11 12:19:00,17/Jan/22 12:00 AM,2022-01-17 09:29:00,Heidelberg Cement,Incident Request (IR),361976.0,109.0,8455.000000000002,15.0
CI-6250,361870,Closed,ngraf,2022-01-10 21:22:00,13/Jan/22 12:00 AM,2022-01-19 13:42:00,ArcelorMittal,Incident Request (IR),361870.0,716.0,10414.0,2101.0000000000005
CI-6236,361816,Closed,ssanz,2022-01-10 16:02:00,17/Jan/22 12:00 AM,2022-01-21 12:50:00,ArcelorMittal,Incident Request (IR),361816.0,9576.0,11070.0,4584.0
CI-6232,361804,Closed,ssanz,2022-01-10 15:47:00,17/Jan/22 12:00 AM,2022-01-20 08:51:00,ArcelorMittal,Incident Request (IR),361804.0,9596.0,10491.0,3493.0
CI-6231,361793,Closed,ssanz,2022-01-10 15:24:00,17/Jan/22 12:00 AM,2022-01-20 08:51:00,ArcelorMittal,Incident Request (IR),361793.0,9618.0,10514.0,3493.0
CI-6227,361502,Closed,nsanchez,2022-01-07 11:55:00,07/Jan/22 12:00 AM,2022-01-07 15:01:00,Numiga,Incident Request (IR),361502.0,127.00000000000001,163.0,23.0
CI-6224,361425,Closed,yutaka,2022-01-07 06:54:00,10/Jan/22 12:00 AM,2022-01-18 13:37:00,Daimler (MFTBC),Incident Request (IR),361425.0,4755.0,7274.0,8969.0
CI-6221,361181,Closed,yutaka,2022-01-06 03:21:00,14/Jan/22 12:00 AM,2022-01-25 16:25:00,DERPART,Incident Request (IR),361181.0,531.0000000000001,9963.0,18181.0
CI-6218,360869,Closed,yutaka,2022-01-05 06:30:00,14/Jan/22 12:00 AM,2022-01-07 00:49:00,Luther,Incident Request (IR),360869.0,188.0,463.0,2076.0000000000005
CI-6216,360851,Closed,ngraf,2022-01-04 23:06:00,06/Jan/22 12:00 AM,2022-01-05 10:20:00,Numiga,Incident Request (IR),360851.0,461.0,656.0,18.0
CI-6203,360637,Closed,nsanchez,2022-01-04 08:33:00,10/Jan/22 12:00 AM,2022-01-05 09:36:00,Egis,Incident Request (IR),360637.0,495.00000000000006,1480.0,23.0
CI-6195,360521,Closed,nsanchez,2022-01-03 09:44:00,06/Jan/22 12:00 AM,2022-01-03 14:50:00,Egis,Incident Request (IR),360521.0,278.0,278.0,28.0
CI-6193,360481,Closed,ssanz,2021-12-30 19:00:00,07/Jan/22 12:00 AM,2022-02-22 12:04:00,Allianz,Incident Request (IR),360481.0,37325.0,37325.0,1325.0
CI-6192,360479,Closed,ssanz,2021-12-30 17:36:00,06/Jan/22 12:00 AM,2022-01-18 14:46:00,ProcurX,Incident Request (IR),360479.0,8580.000000000002,11893.0,9948.0
CI-6187,360277,Closed,ssanz,2021-12-28 16:26:00,04/Jan/22 12:00 AM,2022-03-03 15:53:00,Allianz,Incident Request (IR),360277.0,1640.0,48547.0,33743.00000000001
CI-6184,360164,Closed,ssanz,2021-12-27 14:21:00,04/Jan/22 12:00 AM,2022-03-09 14:02:00,Allianz,Incident Request (IR),360164.0,1503.0,12666.0,80893.0
