,index,Issue key,Issue id,Status,Reporter,Created,Due Date,Resolved,Customer,Type of Request,ticket_age,Parent id,time_outside_codebusters,time_on_codebusters,time_in_review
0,0,CI-8574,468635,Closed,yutaka,2023-04-28 03:47:00,01/May/23 12:00 AM,2023-05-08 16:08:00,Rehau,Service Request (SR),15141.0,468635,15111.0,30.0,24.0
1,1,CI-8568,468149,Closed,aruizrobles,2023-04-26 15:30:00,03/May/23 12:00 AM,2023-05-04 17:55:00,Numiga,Service Request (SR),11665.0,468149,7382.0,4283.0,2836.0
2,2,CI-8560,467735,Closed,nsanchez,2023-04-25 11:57:00,08/May/23 12:00 AM,2023-05-08 14:02:00,OBB,Service Request (SR),18845.0,467735,8981.0,9864.0,9864.0
3,3,CI-8554,467243,Closed,yutaka,2023-04-24 06:44:00,08/May/23 12:00 AM,2023-05-10 04:06:00,Hensoldt,Service Request (SR),22882.0,467243,22464.0,418.0,0.0
4,4,CI-8552,467085,Closed,nsanchez,2023-04-21 14:58:00,27/Apr/23 12:00 AM,2023-05-08 13:46:00,VW,Service Request (SR),24408.0,467085,6018.0,18390.0,9953.0
5,5,CI-8545,466571,Closed,nsanchez,2023-04-20 10:19:00,27/Apr/23 12:00 AM,2023-05-08 13:37:00,Enercon,Service Request (SR),26118.0,466571,5943.0,20175.0,11568.0
6,6,CI-8539,466314,Closed,kgostynska,2023-04-19 14:03:00,26/Apr/23 12:00 AM,2023-05-10 14:50:00,Hugo Boss,Service Request (SR),30287.0,466314,10038.0,20249.0,12857.0
7,7,CI-8534,466032,Closed,skarja,2023-04-18 17:16:00,25/Apr/23 12:00 AM,2023-05-10 19:42:00,Porsche,Service Request (SR),31826.0,466032,1740.0,30086.0,28777.0
8,8,CI-8517,465749,Closed,yutaka,2023-04-18 11:44:00,25/Apr/23 12:00 AM,2023-04-28 06:41:00,Eberspacher,Service Request (SR),14097.0,465749,9794.0,4303.0,4297.0
9,9,CI-8512,465533,Closed,yutaka,2023-04-18 07:25:00,25/Apr/23 12:00 AM,2023-04-27 11:59:00,CMS Hasche Sigle,Service Request (SR),13234.0,465533,0.0,13234.0,13234.0
10,10,CI-8511,465510,Closed,yutaka,2023-04-18 05:37:00,25/Apr/23 12:00 AM,2023-04-18 07:20:00,CMS Hasche Sigle,Service Request (SR),103.0,465510,0.0,103.0,0.0
11,11,CI-8510,465499,Closed,yutaka,2023-04-18 04:31:00,25/Apr/23 12:00 AM,2023-05-08 02:18:00,Amadeus,Service Request (SR),28667.0,465499,27921.0,746.0,5.0
12,12,CI-8509,465496,Closed,yutaka,2023-04-18 04:16:00,25/Apr/23 12:00 AM,2023-04-18 04:36:00,Amadeus,Service Request (SR),20.0,465496,1.0,16.0,16.0
13,13,CI-8489,465210,Closed,kgostynska,2023-04-17 09:43:00,24/Apr/23 12:00 AM,2023-04-26 10:33:00,ArcelorMittal,Service Request (SR),13010.0,465210,8771.0,4239.0,4239.0
14,14,CI-8488,465162,Closed,yutaka,2023-04-17 03:43:00,24/Apr/23 12:00 AM,2023-04-18 05:37:00,CMS Hasche Sigle,Service Request (SR),1554.0,465162,0.0,1554.0,1.0
15,15,CI-8487,465050,Closed,nsanchez,2023-04-14 11:16:00,27/Apr/23 12:00 AM,2023-04-28 11:25:00,VW,Service Request (SR),20169.0,465050,51.0,20118.0,18589.0
16,16,CI-8486,465008,Closed,yutaka,2023-04-14 09:23:00,21/Apr/23 12:00 AM,2023-05-08 02:17:00,Amadeus,Service Request (SR),34134.0,465008,29630.0,4504.0,0.0
17,17,CI-8485,464979,Closed,yutaka,2023-04-14 02:51:00,21/Apr/23 12:00 AM,2023-04-17 11:31:00,Enercon,Service Request (SR),4840.0,464979,4733.0,107.0,8.0
18,18,CI-8484,464974,Closed,yutaka,2023-04-14 02:27:00,21/Apr/23 12:00 AM,2023-05-11 09:21:00,msg systems,Service Request (SR),39294.0,464974,39286.0,8.0,0.0
19,19,CI-8472,464670,Closed,kgostynska,2023-04-13 10:04:00,20/Apr/23 12:00 AM,2023-05-02 11:23:00,Porsche,Service Request (SR),27439.0,464670,11123.0,16316.0,16316.0
20,20,CI-8468,464601,Closed,yutaka,2023-04-13 04:55:00,20/Apr/23 12:00 AM,2023-05-11 10:42:00,CMS Hasche Sigle,Service Request (SR),40667.0,464601,12352.0,28315.0,12048.0
21,21,CI-8463,464337,Closed,skarja,2023-04-11 20:06:00,18/Apr/23 12:00 AM,2023-04-26 14:18:00,DZ Bank,Service Request (SR),21252.0,464337,11506.0,9746.0,9711.0
22,22,CI-8460,464251,Import to Customer Test System,mmaciejczyk,2023-04-11 14:50:00,18/Apr/23 12:00 AM,2023-05-10 11:15:00,Burda,Service Request (SR),41545.0,464251,18313.0,26005.0,23404.0
23,23,CI-8453,463947,Closed,ssanz,2023-04-10 12:13:00,14/Apr/23 12:00 AM,2023-04-11 16:22:00,Allianz,Service Request (SR),1689.0,463947,0.0,1689.0,1689.0
24,24,CI-8436,463438,Closed,yutaka,2023-04-06 05:26:00,20/Apr/23 12:00 AM,2023-04-06 14:02:00,Endress Hauser,Service Request (SR),516.0,463438,503.0,515.0,515.0
25,25,CI-8434,463294,Closed,aruizrobles,2023-04-05 17:43:00,12/Apr/23 12:00 AM,2023-04-12 14:31:00,Numiga,Service Request (SR),9888.0,463294,5858.0,4030.0,1230.0
26,26,CI-8427,462869,Closed,aruizrobles,2023-04-04 17:02:00,11/Apr/23 12:00 AM,2023-04-12 14:10:00,Numiga,Service Request (SR),11348.0,462869,5737.0,5611.0,2639.0
27,27,CI-8423,462678,Closed,nsanchez,2023-04-04 10:51:00,10/Apr/23 12:00 AM,2023-04-10 10:48:00,Allianz,Service Request (SR),8637.0,462678,5477.0,3160.0,2769.0
28,28,CI-8422,462576,Closed,yutaka,2023-04-04 06:07:00,11/Apr/23 12:00 AM,2023-04-17 08:24:00,Eberspacher,Service Request (SR),18857.0,462576,17376.0,1481.0,198.0
29,29,CI-8417,462361,Closed,kgostynska,2023-04-03 10:14:00,12/Apr/23 12:00 AM,2023-05-08 08:48:00,Amadeus,Service Request (SR),50314.0,462361,25799.0,24515.0,11575.0
30,30,CI-8414,462273,Closed,yutaka,2023-04-03 01:55:00,10/Apr/23 12:00 AM,2023-04-05 09:29:00,CEPSA,Service Request (SR),3334.0,462273,235.0,3099.0,540.0
31,31,CI-8413,462270,Closed,yutaka,2023-04-03 01:43:00,07/Apr/23 12:00 AM,2023-04-05 09:22:00,Grupo Red Electrica,Service Request (SR),3339.0,462270,226.0,3113.0,0.0
32,32,CI-8399,462015,Closed,kgostynska,2023-03-31 10:19:00,07/Apr/23 12:00 AM,2023-05-08 08:46:00,Amadeus,Service Request (SR),54627.0,462015,28488.0,26139.0,7331.0
33,33,CI-8397,461658,Closed,nsanchez,2023-03-30 12:16:00,06/Apr/23 12:00 AM,2023-04-10 09:05:00,VW,Service Request (SR),15649.0,461658,5509.0,10140.0,8823.0
34,34,CI-8393,461436,Closed,nsanchez,2023-03-29 16:34:00,03/Apr/23 12:00 AM,2023-03-30 10:15:00,Daimler (MFTBC),Service Request (SR),1061.0,461436,6.0,1055.0,20.0
35,35,CI-8386,461366,Closed,nsanchez,2023-03-29 14:40:00,10/Apr/23 12:00 AM,2023-04-10 08:45:00,VW,Service Request (SR),16925.0,461366,5666.0,11259.0,10080.0
36,36,CI-8376,460898,Closed,kgostynska,2023-03-28 12:50:00,04/Apr/23 12:00 AM,2023-04-18 09:51:00,Spiegel,Service Request (SR),30061.0,460898,18465.0,11596.0,8630.0
37,37,CI-8375,460883,Closed,mmaciejczyk,2023-03-28 12:22:00,04/Apr/23 12:00 AM,2023-04-05 17:23:00,Spiegel,Service Request (SR),11821.0,460883,2711.0,9110.0,8863.0
38,38,CI-8373,460496,Closed,nsanchez,2023-03-27 15:13:00,03/Apr/23 12:00 AM,2023-04-10 08:40:00,Osram,Service Request (SR),19767.0,460496,5539.0,14228.0,12909.0
39,40,CI-8369,459796,Closed,kgostynska,2023-03-24 15:03:00,31/Mar/23 12:00 AM,2023-05-04 11:31:00,Rheinmetall,Service Request (SR),58828.0,459796,42530.0,16298.0,14219.0
40,41,CI-8366,459522,Closed,nsanchez,2023-03-24 09:41:00,31/Mar/23 12:00 AM,2023-04-05 08:40:00,Customer not yet listed,Service Request (SR),17219.0,459522,1001.0,16218.0,15994.0
41,42,CI-8365,459516,Closed,nsanchez,2023-03-24 09:30:00,31/Mar/23 12:00 AM,2023-04-05 08:41:00,Customer not yet listed,Service Request (SR),17231.0,459516,1002.0,16229.0,16005.0
42,44,CI-8359,459293,Closed,ssanz,2023-03-23 13:59:00,30/Mar/23 12:00 AM,2023-04-01 16:22:00,Allianz,Service Request (SR),13103.0,459293,4273.0,8830.0,8777.0
43,45,CI-8358,459227,Closed,ssanz,2023-03-23 11:55:00,28/Mar/23 12:00 AM,2023-04-25 15:54:00,Allianz,Service Request (SR),47759.0,459227,18557.0,29202.0,18649.0
44,46,CI-8349,458448,Closed,yutaka,2023-03-22 02:59:00,22/Mar/23 12:00 AM,2023-04-03 00:41:00,Endress Hauser,Service Request (SR),17142.0,458448,17124.0,18.0,0.0
45,50,CI-8344,458212,Closed,nsanchez,2023-03-21 12:57:00,23/Mar/23 12:00 AM,2023-04-03 10:29:00,Allianz,Service Request (SR),18572.0,458212,1422.0,16043.0,10136.0
46,51,CI-8338,457190,Closed,aruizrobles,2023-03-17 15:17:00,21/Mar/23 12:00 AM,2023-04-24 18:12:00,Numiga,Service Request (SR),54895.0,457190,35524.0,18335.0,16837.0
47,52,CI-8328,456902,Closed,nsanchez,2023-03-16 16:57:00,23/Mar/23 12:00 AM,2023-04-27 13:27:00,msg systems,Service Request (SR),60270.0,456902,28719.0,28499.0,5463.0
48,53,CI-8325,456733,Closed,mmaciejczyk,2023-03-16 13:20:00,23/Mar/23 12:00 AM,2023-03-16 15:42:00,CMS Hasche Sigle,Service Request (SR),142.0,456733,3.0,139.0,139.0
49,54,CI-8322,456676,Closed,yutaka,2023-03-16 11:59:00,23/Mar/23 12:00 AM,2023-04-03 00:42:00,Hugo Boss,Service Request (SR),25243.0,456676,17301.0,7942.0,9.0
50,55,CI-8317,456508,Closed,yutaka,2023-03-15 23:46:00,22/Mar/23 12:00 AM,2023-03-22 00:25:00,CEPSA,Service Request (SR),8679.0,456508,7858.0,821.0,0.0
51,56,CI-8315,456393,Closed,bonnavion,2023-03-15 15:03:00,22/Mar/23 12:00 AM,2023-04-13 14:22:00,DERPART,Service Request (SR),41719.0,456393,4107.0,36295.0,21685.0
52,57,CI-8312,456181,Closed,aruizrobles,2023-03-15 09:51:00,22/Mar/23 12:00 AM,2023-03-29 15:51:00,Numiga,Service Request (SR),20520.0,456181,3917.0,16625.0,1775.0
53,58,CI-8309,456072,Closed,yutaka,2023-03-15 02:50:00,29/Mar/23 12:00 AM,2023-03-15 08:51:00,Porsche,Service Request (SR),361.0,456072,338.0,23.0,0.0
54,59,CI-8308,456070,Closed,yutaka,2023-03-15 01:40:00,22/Mar/23 12:00 AM,2023-03-16 14:04:00,Rewe Group,Service Request (SR),2184.0,456070,830.0,1354.0,489.0
55,60,CI-8305,455867,Closed,nsanchez,2023-03-14 13:14:00,16/Mar/23 12:00 AM,2023-03-21 11:18:00,Amadeus,Service Request (SR),9964.0,455867,180.0,9784.0,7.0
56,61,CI-8301,455603,Closed,yutaka,2023-03-14 01:29:00,17/Mar/23 12:00 AM,2023-03-15 00:20:00,dm-drogerie markt,Service Request (SR),1371.0,455603,1360.0,11.0,11.0
57,62,CI-8285,454741,Closed,nsanchez,2023-03-09 16:25:00,20/Mar/23 12:00 AM,2023-04-21 09:12:00,DER,Service Request (SR),61487.0,454741,26743.0,3142.0,3142.0
58,63,CI-8283,454650,Closed,nsanchez,2023-03-09 14:15:00,23/Mar/23 12:00 AM,2023-04-04 15:26:00,Porsche,Service Request (SR),37511.0,454650,296.0,37215.0,27080.0
59,64,CI-8282,454599,Closed,nsanchez,2023-03-09 12:22:00,20/Mar/23 12:00 AM,2023-03-21 08:59:00,Endress Hauser,Service Request (SR),17077.0,454599,5946.0,11131.0,10262.0
60,65,CI-8279,454369,Closed,mmaciejczyk,2023-03-08 18:04:00,15/Mar/23 12:00 AM,2023-03-30 15:22:00,Lufthansa City Center,Service Request (SR),31518.0,454369,6888.0,24630.0,8451.0
61,66,CI-8276,453986,Closed,aruizrobles,2023-03-07 17:24:00,14/Mar/23 12:00 AM,2023-03-14 09:47:00,Numiga,Service Request (SR),9623.0,453986,79.0,9544.0,8585.0
62,67,CI-8274,453948,Closed,ssanz,2023-03-07 15:43:00,14/Mar/23 12:00 AM,2023-03-15 14:09:00,Allianz,Service Request (SR),11426.0,453948,88.0,11338.0,11338.0
63,68,CI-8272,453603,Closed,yutaka,2023-03-07 02:13:00,21/Mar/23 12:00 AM,2023-03-16 07:38:00,Spiegel,Service Request (SR),13285.0,453603,11403.0,1882.0,247.0
64,69,CI-8270,453483,Closed,ssanz,2023-03-06 13:40:00,13/Mar/23 12:00 AM,2023-05-08 11:49:00,Allianz,Service Request (SR),90609.0,453483,23659.0,66950.0,12998.0
65,70,CI-8269,453481,Closed,ssanz,2023-03-06 13:36:00,13/Mar/23 12:00 AM,2023-05-08 11:48:00,Allianz,Service Request (SR),90612.0,453481,23659.0,66953.0,13002.0
66,71,CI-8263,453231,Closed,nsanchez,2023-03-06 09:39:00,07/Mar/23 12:00 AM,2023-03-10 13:31:00,Amadeus,Service Request (SR),5992.0,453231,2692.0,3300.0,1506.0
67,72,CI-8261,453139,Closed,yutaka,2023-03-06 01:37:00,13/Mar/23 12:00 AM,2023-04-05 06:52:00,Spiegel,Service Request (SR),43515.0,453139,464.0,43051.0,10979.0
68,73,CI-8260,453010,Closed,aruizrobles,2023-03-03 17:56:00,10/Mar/23 12:00 AM,2023-03-21 10:14:00,Numiga,Service Request (SR),25458.0,453010,388.0,25070.0,9443.0
69,74,CI-8259,453008,Closed,aruizrobles,2023-03-03 17:46:00,10/Mar/23 12:00 AM,2023-03-13 09:49:00,Numiga,Service Request (SR),13923.0,453008,68.0,13855.0,9453.0
70,75,CI-8257,452981,Closed,nsanchez,2023-03-03 15:02:00,13/Mar/23 12:00 AM,2023-03-21 10:02:00,Munckhof,Service Request (SR),25620.0,452981,1220.0,24401.0,14462.0
71,76,CI-8256,452976,Closed,nsanchez,2023-03-03 14:45:00,09/Mar/23 12:00 AM,2023-03-21 08:53:00,Hugo Boss,Service Request (SR),25568.0,452976,7528.0,18040.0,10206.0
72,77,CI-8255,452973,Closed,yutaka,2023-03-03 14:38:00,22/Nov/22 12:00 AM,2023-03-03 14:39:00,Hugo Boss,Service Request (SR),1.0,452973,0.0,1.0,1.0
73,78,CI-8251,452791,Closed,yutaka,2023-03-03 05:27:00,10/Mar/23 12:00 AM,2023-03-22 15:07:00,Endress Hauser,Service Request (SR),27940.0,452791,23798.0,4142.0,0.0
74,79,CI-8249,452780,Closed,yutaka,2023-03-03 02:44:00,17/Mar/23 12:00 AM,2023-04-05 09:30:00,CEPSA,Service Request (SR),47926.0,452780,8027.0,38567.0,22647.0
75,80,CI-8248,452777,Closed,yutaka,2023-03-03 02:33:00,17/Mar/23 12:00 AM,2023-03-15 10:13:00,Eberspacher,Service Request (SR),17740.0,452777,1782.0,15958.0,1.0
76,81,CI-8247,452731,Closed,aruizrobles,2023-03-02 16:14:00,16/Mar/23 12:00 AM,2023-03-21 17:00:00,Numiga,Service Request (SR),27406.0,452731,1904.0,25538.0,17202.0
77,82,CI-8245,452623,Closed,nsanchez,2023-03-02 11:17:00,13/Mar/23 12:00 AM,2023-03-14 16:26:00,Amadeus,Service Request (SR),17589.0,452623,4996.0,12593.0,1315.0
78,83,CI-8244,452543,Closed,ssanz,2023-03-02 09:48:00,09/Mar/23 12:00 AM,2023-03-15 14:24:00,Allianz,Service Request (SR),18996.0,452543,8404.0,10592.0,10250.0
79,84,CI-8242,452464,Closed,yutaka,2023-03-02 01:04:00,09/Mar/23 12:00 AM,2023-04-06 16:26:00,Burda,Service Request (SR),51322.0,452464,31346.0,19976.0,7820.0
80,85,CI-8240,452387,Closed,nsanchez,2023-03-01 15:41:00,13/Mar/23 12:00 AM,2023-03-14 09:14:00,Spiegel,Service Request (SR),18333.0,452387,67.0,18266.0,17183.0
81,86,CI-8239,452166,Closed,yutaka,2023-03-01 02:16:00,06/Mar/23 12:00 AM,2023-03-29 09:54:00,Endress Hauser,Service Request (SR),40778.0,452166,12019.0,28759.0,17786.0
82,87,CI-8237,451967,Closed,nsanchez,2023-02-28 11:30:00,08/Mar/23 12:00 AM,2023-03-13 14:13:00,Porsche,Service Request (SR),18883.0,451967,1213.0,17670.0,10001.0
83,88,CI-8236,451837,Closed,yutaka,2023-02-28 00:45:00,07/Mar/23 12:00 AM,2023-04-13 16:29:00,Hugo Boss,Service Request (SR),64304.0,451837,10254.0,54050.0,12696.0
84,89,CI-8231,451099,Closed,nsanchez,2023-02-24 08:55:00,02/Mar/23 12:00 AM,2023-03-10 10:29:00,Hugo Boss,Service Request (SR),20254.0,451099,2088.0,18166.0,16233.0
85,90,CI-8228,450993,Closed,nsanchez,2023-02-23 16:12:00,06/Mar/23 12:00 AM,2023-02-27 13:09:00,Wacker,Service Request (SR),5577.0,450993,3960.0,1617.0,1308.0
86,91,CI-8226,450975,Closed,aruizrobles,2023-02-23 15:50:00,02/Mar/23 12:00 AM,2023-02-27 16:42:00,Numiga,Service Request (SR),5812.0,450975,4160.0,1652.0,1375.0
87,92,CI-8225,450885,Closed,ssanz,2023-02-23 13:56:00,02/Mar/23 12:00 AM,2023-03-23 16:34:00,Rehau,Service Request (SR),40478.0,450885,34578.0,5900.0,1396.0
88,93,CI-8224,450881,Closed,nsanchez,2023-02-23 13:52:00,28/Feb/23 12:00 AM,2023-02-27 12:58:00,Endress Hauser,Service Request (SR),5706.0,450881,10.0,5696.0,5696.0
89,94,CI-8220,450591,Closed,achattopadhyay,2023-02-22 14:58:00,28/Feb/23 12:00 AM,2023-02-27 14:00:00,Endress Hauser,Service Request (SR),7142.0,450591,286.0,6856.0,6856.0
90,95,CI-8218,450520,Closed,mmaciejczyk,2023-02-22 12:23:00,01/Mar/23 12:00 AM,2023-03-16 12:26:00,Porsche,Service Request (SR),31683.0,450520,7736.0,23947.0,17307.0
91,96,CI-8217,450516,Closed,nsanchez,2023-02-22 12:11:00,01/Mar/23 12:00 AM,2023-02-27 11:38:00,Amadeus,Service Request (SR),7167.0,450516,1120.0,6047.0,1454.0
92,97,CI-8215,450484,Closed,ssanz,2023-02-22 11:37:00,01/Mar/23 12:00 AM,2023-02-22 17:56:00,TUI AG,Service Request (SR),379.0,450484,149.0,230.0,91.0
93,98,CI-8214,450395,Closed,yutaka,2023-02-22 08:28:00,01/Mar/23 12:00 AM,2023-02-22 12:26:00,Daimler (MFTBC),Service Request (SR),238.0,450395,7.0,231.0,1.0
94,99,CI-8210,450191,Closed,mmaciejczyk,2023-02-21 14:50:00,28/Feb/23 12:00 AM,2023-03-09 17:37:00,CEPSA,Service Request (SR),23207.0,450191,384.0,22814.0,18898.0
95,100,CI-8209,450104,Closed,kgostynska,2023-02-21 11:57:00,28/Feb/23 12:00 AM,2023-03-16 15:57:00,CEPSA,Service Request (SR),33360.0,450104,4792.0,27170.0,20285.0
96,101,CI-8190,449259,Closed,skarja,2023-02-17 14:48:00,24/Feb/23 12:00 AM,2023-04-05 12:08:00,Eberspacher,Service Request (SR),67520.0,449259,44831.0,22689.0,19861.0
97,102,CI-8187,449164,Closed,nsanchez,2023-02-17 13:00:00,28/Feb/23 12:00 AM,2023-02-23 15:29:00,apoBank,Service Request (SR),8789.0,449164,14.0,8775.0,8775.0
98,103,CI-8185,449035,Closed,yutaka,2023-02-17 09:59:00,20/Feb/23 12:00 AM,2023-04-04 15:22:00,Munckhof,Service Request (SR),66563.0,449035,0.0,66563.0,5423.0
99,104,CI-8184,448971,Closed,yutaka,2023-02-17 01:56:00,24/Feb/23 12:00 AM,2023-04-04 16:33:00,Hugo Boss,Service Request (SR),67117.0,448971,8510.0,58607.0,2.0
100,105,CI-8183,448966,Closed,yutaka,2023-02-17 00:10:00,24/Feb/23 12:00 AM,2023-02-27 14:48:00,Wacker,Service Request (SR),15278.0,448966,8059.0,7219.0,0.0
101,106,CI-8181,448929,Closed,nsanchez,2023-02-16 16:22:00,28/Feb/23 12:00 AM,2023-02-24 15:13:00,Endress Hauser,Service Request (SR),11451.0,448929,41.0,11410.0,10062.0
102,107,CI-8179,448809,Closed,aruizrobles,2023-02-16 10:46:00,23/Feb/23 12:00 AM,2023-03-02 09:31:00,ProcurX,Service Request (SR),20085.0,448809,227.0,19858.0,7231.0
103,108,CI-8178,448801,Closed,aruizrobles,2023-02-16 10:22:00,20/Feb/23 12:00 AM,2023-02-16 18:10:00,Numiga,Service Request (SR),468.0,448801,0.0,468.0,468.0
104,109,CI-8176,448625,Closed,ssanz,2023-02-15 15:47:00,22/Feb/23 12:00 AM,2023-04-14 13:31:00,Allianz,Service Request (SR),83384.0,448625,69427.0,13983.0,10063.0
105,110,CI-8166,448333,Closed,yutaka,2023-02-15 01:22:00,22/Feb/23 12:00 AM,2023-03-06 23:41:00,Porsche,Service Request (SR),28699.0,448333,9234.0,19465.0,12374.0
106,111,CI-8163,448077,Closed,yutaka,2023-02-14 01:54:00,21/Feb/23 12:00 AM,2023-03-17 00:51:00,Continental,Service Request (SR),44577.0,448077,18497.0,26080.0,21422.0
107,112,CI-8159,447939,Closed,wkatthan,2023-02-13 12:19:00,16/Feb/23 12:00 AM,2023-04-24 12:53:00,ArcelorMittal,Service Request (SR),100834.0,447939,85136.0,15698.0,5616.0
108,113,CI-8158,447936,Closed,yutaka,2023-02-13 12:17:00,17/Feb/23 12:00 AM,2023-03-10 07:43:00,Continental,Service Request (SR),35726.0,447936,10131.0,25595.0,11670.0
109,114,CI-8150,447782,Closed,yutaka,2023-02-13 01:17:00,17/Feb/23 12:00 AM,2023-02-28 01:37:00,Grupo Red Electrica,Service Request (SR),21620.0,447782,1300.0,20320.0,12367.0
110,115,CI-8147,447585,Closed,nsanchez,2023-02-10 09:21:00,15/Feb/23 12:00 AM,2023-02-15 11:06:00,OBB,Service Request (SR),7305.0,447585,2469.0,4836.0,4328.0
111,116,CI-8144,447479,Closed,nsanchez,2023-02-09 15:29:00,20/Feb/23 12:00 AM,2023-04-29 16:07:00,Allianz,Service Request (SR),113798.0,447479,38929.0,74869.0,20112.0
112,117,CI-8140,447205,Closed,yutaka,2023-02-09 00:24:00,16/Feb/23 12:00 AM,2023-02-27 10:46:00,Burda,Service Request (SR),26542.0,447205,25926.0,616.0,616.0
113,118,CI-8139,447117,Closed,nsanchez,2023-02-08 15:00:00,17/Feb/23 12:00 AM,2023-03-01 10:38:00,Allianz,Service Request (SR),29978.0,447117,7092.0,15950.0,1336.0
114,119,CI-8138,447085,Closed,aruizrobles,2023-02-08 13:54:00,15/Feb/23 12:00 AM,2023-02-22 09:22:00,Numiga,Service Request (SR),19888.0,447085,1768.0,18120.0,11299.0
115,120,CI-8136,447059,Closed,aruizrobles,2023-02-08 13:08:00,15/Feb/23 12:00 AM,2023-02-17 10:53:00,Numiga,Service Request (SR),12825.0,447059,394.0,12431.0,11254.0
116,121,CI-8134,446994,Closed,ccasper,2023-02-08 10:09:00,24/Feb/23 12:00 AM,2023-04-19 15:11:00,TUI AG,Service Request (SR),101102.0,446994,48731.0,52371.0,30588.0
117,122,CI-8132,446917,Closed,yutaka,2023-02-08 07:39:00,15/Feb/23 12:00 AM,2023-03-22 00:36:00,Endress Hauser,Service Request (SR),60057.0,446917,30962.0,29095.0,13690.0
118,123,CI-8129,446899,Closed,yutaka,2023-02-08 03:09:00,15/Feb/23 12:00 AM,2023-02-09 16:57:00,Endress Hauser,Service Request (SR),2268.0,446899,1636.0,632.0,206.0
119,124,CI-8128,446894,Closed,yutaka,2023-02-08 02:02:00,15/Feb/23 12:00 AM,2023-02-27 10:46:00,VW,Service Request (SR),27884.0,446894,27183.0,701.0,0.0
120,125,CI-8126,446764,Closed,yutaka,2023-02-07 14:08:00,14/Feb/23 12:00 AM,2023-02-27 00:19:00,Porsche,Service Request (SR),27971.0,446764,7379.0,20592.0,20021.0
121,126,CI-8119,446522,Closed,yutaka,2023-02-07 03:23:00,14/Feb/23 12:00 AM,2023-02-08 08:55:00,Endress Hauser,Service Request (SR),1772.0,446522,1158.0,614.0,0.0
122,127,CI-8118,446512,Closed,skarja,2023-02-06 20:05:00,13/Feb/23 12:00 AM,2023-04-19 01:24:00,TeamBank AG,Service Request (SR),102559.0,446512,38324.0,64235.0,63103.0
123,128,CI-8107,446322,Closed,achattopadhyay,2023-02-06 10:29:00,09/Feb/23 12:00 AM,2023-02-16 15:46:00,Endress Hauser,Service Request (SR),14717.0,446322,58.0,14659.0,4328.0
124,129,CI-8105,446288,Closed,yutaka,2023-02-06 08:43:00,13/Feb/23 12:00 AM,2023-03-10 08:00:00,Daimler (MFTBC),Service Request (SR),46037.0,446288,32814.0,13223.0,10261.0
125,130,CI-8104,446263,Closed,yutaka,2023-02-06 04:47:00,10/Feb/23 12:00 AM,2023-02-07 13:20:00,Porsche,Service Request (SR),1953.0,446263,1924.0,29.0,0.0
126,131,CI-8102,446156,Closed,aruizrobles,2023-02-03 14:28:00,10/Feb/23 12:00 AM,2023-02-09 10:45:00,Numiga,Service Request (SR),8417.0,446156,573.0,7844.0,6852.0
127,132,CI-8098,446049,Closed,yutaka,2023-02-03 08:46:00,10/Feb/23 12:00 AM,2023-02-27 10:51:00,Continental,Service Request (SR),34685.0,446049,12533.0,22152.0,9110.0
128,133,CI-8085,445018,Closed,yutaka,2023-01-31 01:48:00,07/Feb/23 12:00 AM,2023-03-03 03:28:00,Porsche,Service Request (SR),44740.0,445018,24059.0,20681.0,20681.0
129,134,CI-8084,445012,Closed,yutaka,2023-01-31 01:18:00,07/Feb/23 12:00 AM,2023-01-31 14:16:00,Eberspacher,Service Request (SR),778.0,445012,262.0,516.0,3.0
130,135,CI-8083,444863,Closed,yutaka,2023-01-30 16:24:00,07/Feb/23 12:00 AM,2023-03-10 08:01:00,Amadeus,Service Request (SR),55657.0,444863,32700.0,22956.0,11291.0
131,136,CI-8082,444818,Closed,nsanchez,2023-01-30 15:20:00,03/Feb/23 12:00 AM,2023-02-23 12:25:00,Allianz,Service Request (SR),34385.0,444818,3227.0,31158.0,11352.0
132,137,CI-8081,444805,Closed,yutaka,2023-01-30 15:06:00,06/Feb/23 12:00 AM,2023-03-03 03:29:00,Amadeus,Service Request (SR),45383.0,444805,23974.0,21409.0,11401.0
133,138,CI-8080,444792,Closed,yutaka,2023-01-30 14:45:00,07/Feb/23 12:00 AM,2023-02-16 08:25:00,Endress Hauser,Service Request (SR),24100.0,444792,4206.0,19894.0,11328.0
134,139,CI-8063,443892,Closed,ccasper,2023-01-26 14:34:00,01/Feb/23 12:00 AM,2023-02-01 09:42:00,Egis,Service Request (SR),8348.0,443892,31.0,8317.0,8299.0
135,140,CI-8057,443742,Closed,yutaka,2023-01-26 07:23:00,31/Jan/23 12:00 AM,2023-01-30 02:07:00,Heidelberg Cement,Service Request (SR),5444.0,443742,4330.0,1114.0,12.0
136,141,CI-8055,443734,Closed,yutaka,2023-01-26 03:10:00,31/Jan/23 12:00 AM,2023-03-14 02:18:00,Eberspacher,Service Request (SR),67628.0,443734,8770.0,58858.0,10489.0
137,142,CI-8053,443534,Closed,ccasper,2023-01-25 09:38:00,26/Jan/23 12:00 AM,2023-01-26 13:46:00,Egis,Service Request (SR),1688.0,443534,68.0,1620.0,1619.0
138,143,CI-8052,443529,Closed,yutaka,2023-01-25 09:22:00,31/Jan/23 12:00 AM,2023-03-17 00:58:00,Porsche,Service Request (SR),72936.0,443529,34572.0,38364.0,20595.0
139,144,CI-8051,443518,Closed,yutaka,2023-01-25 08:52:00,27/Jan/23 12:00 AM,2023-02-10 07:11:00,Daimler (MFTBC),Service Request (SR),22939.0,443518,22496.0,443.0,45.0
140,145,CI-8050,443498,Closed,yutaka,2023-01-25 07:06:00,31/Jan/23 12:00 AM,2023-01-26 07:24:00,Heidelberg Cement,Service Request (SR),1458.0,443498,1.0,1457.0,1.0
141,146,CI-8048,443357,Closed,nsanchez,2023-01-24 13:34:00,06/Feb/23 12:00 AM,2023-04-03 15:44:00,msg systems,Service Request (SR),99490.0,443357,1205.0,98285.0,62100.0
142,147,CI-8047,443341,Closed,aruizrobles,2023-01-24 12:33:00,31/Jan/23 12:00 AM,2023-02-09 17:16:00,Numiga,Service Request (SR),23323.0,443341,217.0,23106.0,22830.0
143,148,CI-8046,443331,Closed,nsanchez,2023-01-24 12:24:00,31/Jan/23 12:00 AM,2023-03-14 16:18:00,Porsche,Service Request (SR),70794.0,443331,48959.0,21835.0,20127.0
144,149,CI-8044,443290,Closed,mueller,2023-01-24 10:27:00,31/Jan/23 12:00 AM,2023-01-24 13:55:00,Porsche,Service Request (SR),208.0,443290,102.0,106.0,36.0
145,150,CI-8041,443211,Closed,yutaka,2023-01-24 05:46:00,31/Jan/23 12:00 AM,2023-03-10 08:05:00,Rewe Group,Service Request (SR),64939.0,443211,37581.0,27358.0,13502.0
146,151,CI-8040,443165,Closed,ccasper,2023-01-23 16:42:00,31/Jan/23 12:00 AM,2023-02-03 11:44:00,Allianz,Service Request (SR),15542.0,443165,6983.0,8559.0,8414.0
147,152,CI-8039,443101,Closed,aruizrobles,2023-01-23 13:30:00,31/Jan/23 12:00 AM,2023-01-31 17:57:00,Numiga,Service Request (SR),11787.0,443101,569.0,11218.0,4017.0
148,153,CI-8038,443091,Closed,aruizrobles,2023-01-23 12:38:00,27/Jan/23 12:00 AM,2023-01-26 10:28:00,Numiga,Service Request (SR),4190.0,443091,125.0,4065.0,1331.0
149,154,CI-8033,442712,Closed,nsanchez,2023-01-19 16:18:00,30/Jan/23 12:00 AM,2023-01-31 14:37:00,ArcelorMittal,Service Request (SR),17179.0,442712,1193.0,15986.0,13189.0
150,155,CI-8023,441964,Closed,aruizrobles,2023-01-17 10:11:00,27/Jan/23 12:00 AM,2023-01-31 12:41:00,ProcurX,Service Request (SR),20310.0,441964,3897.0,16413.0,8481.0
151,156,CI-8022,441937,Closed,aruizrobles,2023-01-17 09:19:00,24/Jan/23 12:00 AM,2023-01-19 17:40:00,Numiga,Service Request (SR),3381.0,441937,40.0,3341.0,3112.0
152,157,CI-8021,441934,Closed,aruizrobles,2023-01-17 09:12:00,24/Jan/23 12:00 AM,2023-01-19 17:42:00,Numiga,Service Request (SR),3390.0,441934,42.0,3348.0,1563.0
153,158,CI-8015,441601,Closed,yutaka,2023-01-16 02:20:00,23/Jan/23 12:00 AM,2023-02-08 02:50:00,Grupo Red Electrica,Service Request (SR),33150.0,441601,26387.0,6763.0,5189.0
154,159,CI-8011,441392,Closed,yutaka,2023-01-13 11:49:00,18/Jan/23 12:00 AM,2023-01-30 02:44:00,Munckhof,Service Request (SR),23935.0,441392,17288.0,6647.0,5889.0
155,160,CI-8010,441353,Closed,aruizrobles,2023-01-13 10:38:00,20/Jan/23 12:00 AM,2023-01-20 11:17:00,Numiga,Service Request (SR),10119.0,441353,169.0,9950.0,7236.0
156,161,CI-8009,441346,Closed,aruizrobles,2023-01-13 10:32:00,20/Jan/23 12:00 AM,2023-01-23 09:09:00,Numiga,Service Request (SR),14317.0,441346,109.0,14208.0,8800.0
157,162,CI-8007,441339,Closed,aruizrobles,2023-01-13 10:14:00,20/Jan/23 12:00 AM,2023-01-20 09:09:00,Numiga,Service Request (SR),10015.0,441339,54.0,9961.0,8818.0
158,163,CI-8006,441299,Closed,yutaka,2023-01-13 07:58:00,17/Jan/23 12:00 AM,2023-04-04 16:32:00,Porsche,Service Request (SR),117154.0,441299,4167.0,100653.0,68318.0
159,164,CI-8003,441150,Closed,yutaka,2023-01-12 12:20:00,19/Jan/23 12:00 AM,2023-02-02 02:00:00,apoBank,Service Request (SR),29620.0,441150,16678.0,12942.0,8893.0
160,165,CI-8002,441123,Closed,yutaka,2023-01-12 11:35:00,19/Jan/23 12:00 AM,2023-02-10 07:12:00,Amadeus,Service Request (SR),41497.0,441123,30852.0,10645.0,8208.0
161,166,CI-8000,441080,Closed,aruizrobles,2023-01-12 10:46:00,18/Jan/23 12:00 AM,2023-01-17 12:09:00,Numiga,Service Request (SR),7283.0,441080,100.0,7183.0,309.0
162,167,CI-7997,441058,Closed,aruizrobles,2023-01-12 10:21:00,18/Jan/23 12:00 AM,2023-01-20 10:56:00,Numiga,Service Request (SR),11555.0,441058,157.0,11398.0,8693.0
163,168,CI-7996,440995,Closed,yutaka,2023-01-12 05:39:00,19/Jan/23 12:00 AM,2023-01-30 02:42:00,Apleona,Service Request (SR),25743.0,440995,25411.0,332.0,0.0
164,169,CI-7995,440986,Closed,yutaka,2023-01-12 05:20:00,12/Jan/23 12:00 AM,2023-01-16 08:49:00,Porsche,Service Request (SR),5969.0,440986,5619.0,350.0,1.0
165,170,CI-7994,440981,Closed,yutaka,2023-01-12 05:04:00,19/Jan/23 12:00 AM,2023-02-08 02:51:00,Grupo Red Electrica,Service Request (SR),38747.0,440981,9648.0,29099.0,8905.0
166,171,CI-7993,440978,Closed,yutaka,2023-01-12 04:48:00,19/Jan/23 12:00 AM,2023-02-06 01:51:00,Amadeus,Service Request (SR),35823.0,440978,27221.0,8602.0,7856.0
167,172,CI-7992,440973,Closed,yutaka,2023-01-12 02:15:00,19/Jan/23 12:00 AM,2023-01-20 01:32:00,Aquila Capital,Service Request (SR),11477.0,440973,0.0,11477.0,11477.0
168,173,CI-7990,440916,Closed,aruizrobles,2023-01-11 16:50:00,18/Jan/23 12:00 AM,2023-03-08 16:45:00,Numiga,Service Request (SR),80635.0,440916,1607.0,79028.0,11432.0
169,174,CI-7989,440809,Closed,nsanchez,2023-01-11 13:44:00,17/Jan/23 12:00 AM,2023-01-19 13:12:00,Eberspacher,Service Request (SR),11488.0,440809,476.0,11011.0,8516.0
170,175,CI-7987,440793,Closed,aruizrobles,2023-01-11 12:47:00,18/Jan/23 12:00 AM,2023-01-24 16:06:00,Numiga,Service Request (SR),18919.0,440793,205.0,18714.0,9987.0
171,176,CI-7986,440789,Closed,aruizrobles,2023-01-11 12:39:00,18/Jan/23 12:00 AM,2023-01-19 17:28:00,Numiga,Service Request (SR),11809.0,440789,187.0,11622.0,2721.0
172,177,CI-7984,440687,Closed,yutaka,2023-01-11 09:16:00,20/Jan/23 12:00 AM,2023-01-12 15:20:00,Endress Hauser,Service Request (SR),1804.0,440687,18.0,1786.0,188.0
173,178,CI-7981,440603,Closed,yutaka,2023-01-11 02:03:00,18/Jan/23 12:00 AM,2023-02-10 07:13:00,Vaillant,Service Request (SR),43510.0,440603,41592.0,1918.0,873.0
174,179,CI-7979,440466,Closed,nsanchez,2023-01-10 16:08:00,17/Jan/23 12:00 AM,2023-01-11 16:15:00,CMS Hasche Sigle,Service Request (SR),1447.0,440466,0.0,1447.0,1447.0
175,180,CI-7978,440139,Closed,nsanchez,2023-01-10 09:18:00,17/Jan/23 12:00 AM,2023-01-30 12:50:00,Burda,Service Request (SR),29012.0,440139,2979.0,26033.0,13009.0
176,181,CI-7973,439960,Closed,nsanchez,2023-01-09 12:49:00,18/Jan/23 12:00 AM,2023-01-20 10:35:00,Rheinmetall,Service Request (SR),15706.0,439960,6.0,15700.0,14733.0
177,182,CI-7969,439500,Closed,yutaka,2023-01-06 01:44:00,13/Jan/23 12:00 AM,2023-01-30 02:46:00,Eberspacher,Service Request (SR),34622.0,439500,28245.0,6377.0,5242.0
178,183,CI-7968,439497,Closed,yutaka,2023-01-06 01:41:00,13/Jan/23 12:00 AM,2023-01-16 08:49:00,Porsche,Service Request (SR),14828.0,439497,4995.0,9833.0,6620.0
179,184,CI-7967,439494,Closed,yutaka,2023-01-06 01:08:00,13/Jan/23 12:00 AM,2023-01-25 07:11:00,CMS Hasche Sigle,Service Request (SR),27723.0,439494,22440.0,5283.0,5252.0
180,185,CI-7963,439220,Closed,yutaka,2023-01-05 04:38:00,12/Jan/23 12:00 AM,2023-01-30 02:46:00,Endress Hauser,Service Request (SR),35888.0,439220,25022.0,10866.0,7659.0
181,186,CI-7962,439217,Closed,yutaka,2023-01-05 03:49:00,12/Jan/23 12:00 AM,2023-02-20 05:17:00,Hugo Boss,Service Request (SR),66328.0,439217,33091.0,33237.0,10500.0
182,187,CI-7960,439212,Closed,yutaka,2023-01-05 01:37:00,12/Jan/23 12:00 AM,2023-01-06 01:41:00,Porsche,Service Request (SR),1444.0,439212,0.0,1444.0,1.0
183,188,CI-7959,439204,Closed,yutaka,2023-01-05 01:15:00,13/Jan/23 12:00 AM,2023-01-06 01:44:00,Eberspacher,Service Request (SR),1469.0,439204,0.0,1469.0,19.0
184,189,CI-7956,439129,Closed,nsanchez,2023-01-04 15:17:00,09/Jan/23 12:00 AM,2023-01-11 10:34:00,Eberspacher,Service Request (SR),9797.0,439129,6007.0,3790.0,1054.0
185,190,CI-7952,438984,Closed,aruizrobles,2023-01-04 09:45:00,11/Jan/23 12:00 AM,2023-01-18 14:19:00,Numiga,Service Request (SR),20434.0,438984,427.0,20007.0,17483.0
186,191,CI-7948,438711,Closed,aruizrobles,2023-01-03 10:07:00,12/Jan/23 12:00 AM,2023-01-12 11:25:00,Numiga,Service Request (SR),13038.0,438711,9776.0,3262.0,1648.0
187,192,CI-7947,438670,Closed,aruizrobles,2023-01-02 18:00:00,09/Jan/23 12:00 AM,2023-01-05 12:27:00,Numiga,Service Request (SR),3987.0,438670,321.0,3666.0,2489.0
188,193,CI-7942,438603,Closed,nsanchez,2023-01-02 11:54:00,05/Jan/23 12:00 AM,2023-01-24 16:22:00,Red Electrica,Service Request (SR),31948.0,438603,3428.0,28520.0,7261.0
189,194,CI-7938,438360,Closed,nsanchez,2022-12-29 11:30:00,30/Dec/22 12:00 AM,2022-12-29 15:44:00,Ineos,Service Request (SR),254.0,438360,21.0,233.0,48.0
190,195,CI-7936,438267,Closed,nsanchez,2022-12-28 10:25:00,01/Jan/23 12:00 AM,2022-12-29 09:48:00,Daimler (MFTBC),Service Request (SR),1403.0,438267,0.0,1403.0,100.0
191,196,CI-7935,438259,Closed,nsanchez,2022-12-28 09:20:00,02/Jan/23 12:00 AM,2023-01-19 14:55:00,msg systems,Service Request (SR),32015.0,438259,7229.0,24786.0,21545.0
192,197,CI-7933,438238,Closed,ssanz,2022-12-27 16:12:00,03/Jan/23 12:00 AM,2022-12-28 14:14:00,Allianz,Service Request (SR),1322.0,438238,164.0,1158.0,1084.0
193,198,CI-7931,438225,Closed,nsanchez,2022-12-27 12:36:00,12/Jan/23 12:00 AM,2023-01-13 12:11:00,msg systems,Service Request (SR),24455.0,438225,10.0,24445.0,24445.0
194,199,CI-7928,438007,Closed,yutaka,2022-12-23 04:20:00,26/Dec/22 12:00 AM,2023-01-06 01:30:00,Eberspacher,Service Request (SR),19990.0,438007,2823.0,17167.0,2.0
195,200,CI-7926,437932,Closed,nsanchez,2022-12-22 15:08:00,02/Jan/23 12:00 AM,2023-01-23 16:31:00,Porsche,Service Request (SR),46163.0,437932,17787.0,28376.0,15709.0
196,201,CI-7925,437929,Closed,nsanchez,2022-12-22 14:58:00,02/Jan/23 12:00 AM,2023-01-05 15:29:00,Porsche,Service Request (SR),20191.0,437929,4685.0,15506.0,9773.0
197,202,CI-7923,437910,Closed,ssanz,2022-12-22 14:17:00,01/Mar/23 12:00 AM,2023-03-02 11:57:00,Hugo Boss,Service Request (SR),100660.0,437910,67476.0,33185.0,28520.0
198,203,CI-7920,437833,Closed,yutaka,2022-12-22 09:35:00,26/Dec/22 12:00 AM,2023-01-06 01:31:00,Continental,Service Request (SR),21116.0,437833,7755.0,13361.0,1508.0
199,204,CI-7918,437798,Closed,yutaka,2022-12-22 02:24:00,23/Dec/22 12:00 AM,2023-01-06 01:32:00,Porsche,Service Request (SR),21548.0,437798,2821.0,18727.0,20.0
200,205,CI-7917,437773,Closed,nsanchez,2022-12-21 16:16:00,28/Dec/22 12:00 AM,2023-01-04 13:16:00,DER,Service Request (SR),19980.0,437773,84.0,19896.0,12820.0
201,206,CI-7915,437749,Closed,ssanz,2022-12-21 15:20:00,28/Dec/22 12:00 AM,2023-02-14 12:42:00,Porsche,Service Request (SR),79042.0,437749,78940.0,102.0,0.0
202,207,CI-7914,437720,Closed,aruizrobles,2022-12-21 13:51:00,28/Dec/22 12:00 AM,2022-12-28 09:51:00,ProcurX,Service Request (SR),9840.0,437720,214.0,9626.0,2703.0
203,208,CI-7913,437707,Closed,ssanz,2022-12-21 13:21:00,28/Dec/22 12:00 AM,2022-12-21 13:35:00,Traton SE,Service Request (SR),14.0,437707,0.0,14.0,0.0
204,209,CI-7912,437698,Closed,ssanz,2022-12-21 13:07:00,28/Dec/22 12:00 AM,2023-02-15 11:23:00,Continental,Service Request (SR),80536.0,437698,57771.0,22765.0,12967.0
205,210,CI-7911,437686,Closed,ssanz,2022-12-21 12:48:00,28/Dec/22 12:00 AM,2022-12-30 11:05:00,Traton SE,Service Request (SR),12857.0,437686,8552.0,4305.0,1727.0
206,211,CI-7910,437680,Closed,ssanz,2022-12-21 12:20:00,28/Dec/22 12:00 AM,2023-02-16 13:49:00,Enercon,Service Request (SR),82169.0,437680,66383.0,15786.0,2938.0
207,212,CI-7909,437653,Closed,ssanz,2022-12-21 11:46:00,28/Dec/22 12:00 AM,2023-03-17 08:55:00,Continental,Service Request (SR),123669.0,437653,73078.0,50591.0,3040.0
208,213,CI-7908,437587,Closed,nsanchez,2022-12-21 09:47:00,02/Jan/23 12:00 AM,2023-01-25 13:06:00,Amadeus,Service Request (SR),50599.0,437587,0.0,50534.0,50534.0
209,214,CI-7907,437559,Closed,yutaka,2022-12-21 08:21:00,23/Dec/22 12:00 AM,2022-12-23 01:46:00,Continental,Service Request (SR),2485.0,437559,2465.0,20.0,9.0
210,215,CI-7906,437493,Closed,yutaka,2022-12-21 04:10:00,23/Dec/22 12:00 AM,2023-01-30 02:50:00,Amadeus,Service Request (SR),57520.0,437493,39340.0,18180.0,9658.0
211,216,CI-7905,437491,Closed,yutaka,2022-12-21 04:00:00,23/Dec/22 12:00 AM,2022-12-30 10:43:00,Amadeus,Service Request (SR),13363.0,437491,2822.0,10541.0,3403.0
212,217,CI-7903,437469,Closed,nsanchez,2022-12-20 16:48:00,27/Dec/22 12:00 AM,2022-12-27 11:20:00,Hugo Boss,Service Request (SR),9752.0,437469,5771.0,3981.0,1096.0
213,218,CI-7902,437318,Closed,nsanchez,2022-12-20 09:52:00,27/Dec/22 12:00 AM,2022-12-28 09:43:00,Holtzbrink,Service Request (SR),11511.0,437318,992.0,10519.0,1429.0
214,219,CI-7900,437096,Closed,ssanz,2022-12-19 15:44:00,26/Dec/22 12:00 AM,2023-04-05 13:07:00,Allianz,Service Request (SR),153923.0,437096,111425.0,42498.0,33231.0
215,220,CI-7895,436853,Closed,nsanchez,2022-12-19 10:18:00,02/Jan/23 12:00 AM,2023-02-23 13:17:00,Osram,Service Request (SR),95219.0,436853,384.0,94835.0,22799.0
216,221,CI-7894,436761,Closed,yutaka,2022-12-19 07:29:00,23/Dec/22 12:00 AM,2023-02-10 07:15:00,Amadeus,Service Request (SR),76306.0,436761,34961.0,41345.0,15089.0
217,222,CI-7893,436757,Closed,yutaka,2022-12-19 06:42:00,23/Dec/22 12:00 AM,2023-01-30 02:49:00,Heidelberg Cement,Service Request (SR),60247.0,436757,34159.0,26088.0,26088.0
218,223,CI-7892,436747,Closed,yutaka,2022-12-19 04:15:00,02/Jan/23 12:00 AM,2023-01-06 01:29:00,Ineos,Service Request (SR),25754.0,436747,23783.0,1971.0,1715.0
219,224,CI-7891,436744,Closed,yutaka,2022-12-19 03:52:00,22/Dec/22 12:00 AM,2023-01-06 01:33:00,Lufthansa City Center,Service Request (SR),25781.0,436744,23949.0,1832.0,1761.0
220,225,CI-7890,436670,Closed,nsanchez,2022-12-16 15:30:00,01/Jan/23 12:00 AM,2023-01-10 11:33:00,Endress Hauser,Service Request (SR),35763.0,436670,9197.0,26566.0,16966.0
221,226,CI-7889,436629,Closed,nsanchez,2022-12-16 14:58:00,01/Jan/23 12:00 AM,2023-01-11 10:28:00,Continental,Service Request (SR),37170.0,436629,7633.0,29537.0,17105.0
222,227,CI-7886,436516,Closed,nsanchez,2022-12-16 13:47:00,21/Dec/22 12:00 AM,2022-12-30 09:45:00,Porsche,Service Request (SR),19918.0,436516,219.0,19699.0,4157.0
223,228,CI-7884,436451,Closed,nsanchez,2022-12-16 11:15:00,26/Dec/22 12:00 AM,2023-01-10 09:29:00,CEPSA,Service Request (SR),35894.0,436451,0.0,35894.0,35894.0
224,229,CI-7883,436443,Closed,yutaka,2022-12-16 10:47:00,19/Dec/22 12:00 AM,2022-12-30 10:25:00,Eberspacher,Service Request (SR),20138.0,436443,11120.0,9018.0,7105.0
225,230,CI-7882,436391,Closed,yutaka,2022-12-16 08:57:00,20/Dec/22 12:00 AM,2023-01-04 02:13:00,VW,Service Request (SR),26956.0,436391,26020.0,936.0,408.0
226,231,CI-7877,436313,Closed,yutaka,2022-12-16 01:40:00,19/Dec/22 12:00 AM,2023-01-04 02:14:00,Amadeus,Service Request (SR),27394.0,436313,22969.0,4425.0,1.0
227,232,CI-7876,436253,Closed,aruizrobles,2022-12-15 17:01:00,22/Dec/22 12:00 AM,2022-12-23 13:18:00,Numiga,Service Request (SR),11297.0,436253,299.0,10998.0,9905.0
228,233,CI-7873,436035,Closed,ssanz,2022-12-15 12:05:00,22/Dec/22 12:00 AM,2023-01-31 22:03:00,Allianz,Service Request (SR),68278.0,436035,42697.0,25581.0,25580.0
229,234,CI-7871,435753,Closed,yutaka,2022-12-15 07:59:00,20/Dec/22 12:00 AM,2022-12-21 02:22:00,Continental,Service Request (SR),8303.0,435753,2518.0,5785.0,1738.0
230,235,CI-7870,435725,Closed,yutaka,2022-12-15 07:06:00,22/Dec/22 12:00 AM,2023-01-11 04:33:00,msg systems,Service Request (SR),38727.0,435725,37594.0,1133.0,9.0
231,236,CI-7868,435628,Closed,ssanz,2022-12-14 13:51:00,21/Dec/22 12:00 AM,2022-12-22 11:03:00,CEPSA,Service Request (SR),11352.0,435628,1169.0,10183.0,10183.0
232,237,CI-7867,435618,Closed,ssanz,2022-12-14 13:05:00,21/Dec/22 12:00 AM,2023-03-06 09:18:00,Amadeus,Service Request (SR),117853.0,435618,70318.0,44573.0,18584.0
233,238,CI-7864,435445,Closed,yutaka,2022-12-14 04:34:00,19/Dec/22 12:00 AM,2023-01-04 02:15:00,Munckhof,Service Request (SR),30101.0,435445,28737.0,1364.0,492.0
234,239,CI-7862,435348,Closed,ssanz,2022-12-13 15:49:00,20/Dec/22 12:00 AM,2023-02-09 01:37:00,Endress Hauser,Service Request (SR),82668.0,435348,22061.0,60607.0,2910.0
235,240,CI-7854,434742,Closed,nsanchez,2022-12-12 15:44:00,21/Dec/22 12:00 AM,2023-01-17 15:57:00,Rewe Group,Service Request (SR),51853.0,434742,50229.0,1624.0,1371.0
236,241,CI-7851,434543,Closed,aruizrobles,2022-12-12 10:32:00,16/Dec/22 12:00 AM,2022-12-19 17:28:00,ProcurX,Service Request (SR),10496.0,434543,78.0,10418.0,4234.0
237,242,CI-7850,434539,Closed,nsanchez,2022-12-12 10:23:00,26/Dec/22 12:00 AM,2023-03-22 13:41:00,Apleona,Service Request (SR),144198.0,434539,53372.0,90826.0,80463.0
238,243,CI-7848,434361,Closed,ssanz,2022-12-09 15:30:00,16/Dec/22 12:00 AM,2022-12-27 10:25:00,Allianz,Service Request (SR),25615.0,434361,8519.0,17096.0,17096.0
239,244,CI-7847,434046,Closed,yutaka,2022-12-09 08:09:00,13/Dec/22 12:00 AM,2022-12-20 06:23:00,Burda,Service Request (SR),15734.0,434046,9796.0,5938.0,0.0
240,245,CI-7846,434025,Closed,yutaka,2022-12-09 04:19:00,13/Dec/22 12:00 AM,2023-01-04 02:15:00,Continental,Service Request (SR),37316.0,434025,32567.0,4749.0,365.0
241,246,CI-7845,434021,Closed,yutaka,2022-12-09 03:40:00,16/Dec/22 12:00 AM,2022-12-22 10:10:00,Lufthansa City Center,Service Request (SR),19110.0,434021,0.0,19110.0,0.0
242,247,CI-7843,433882,Closed,ssanz,2022-12-08 11:59:00,15/Dec/22 12:00 AM,2022-12-19 10:45:00,Traton SE,Service Request (SR),15766.0,433882,5326.0,10440.0,1.0
243,248,CI-7841,433827,Closed,fkazmierczak,2022-12-08 10:34:00,08/Jan/23 12:00 AM,2023-02-07 10:49:00,Allianz,Service Request (SR),87855.0,433827,1.0,87854.0,2.0
244,249,CI-7840,433819,Closed,ssanz,2022-12-08 10:31:00,15/Dec/22 12:00 AM,2023-02-17 08:48:00,Allianz,Service Request (SR),102137.0,433819,88722.0,13415.0,11579.0
245,250,CI-7835,433426,Closed,yutaka,2022-12-07 07:42:00,14/Dec/22 12:00 AM,2023-01-19 05:41:00,Hugo Boss,Service Request (SR),61799.0,433426,40774.0,21025.0,19660.0
246,251,CI-7833,433411,Closed,yutaka,2022-12-07 05:49:00,09/Dec/22 12:00 AM,2023-01-06 01:33:00,Hugo Boss,Service Request (SR),42944.0,433411,15838.0,27106.0,8396.0
247,252,CI-7829,433155,Closed,ssanz,2022-12-06 13:18:00,13/Dec/22 12:00 AM,2023-04-29 16:15:00,Allianz,Service Request (SR),207537.0,433155,188716.0,18821.0,274.0
248,253,CI-7826,433132,Closed,ssanz,2022-12-06 11:53:00,13/Dec/22 12:00 AM,2022-12-22 10:31:00,Allianz,Service Request (SR),22958.0,433132,63.0,22897.0,22897.0
249,254,CI-7823,433090,Closed,ssanz,2022-12-06 10:11:00,13/Dec/22 12:00 AM,2022-12-21 09:54:00,Allianz,Service Request (SR),21583.0,433090,8558.0,13025.0,11674.0
250,255,CI-7822,432979,Closed,yutaka,2022-12-06 04:39:00,09/Dec/22 12:00 AM,2022-12-21 02:24:00,Holtzbrink,Service Request (SR),21465.0,432979,12984.0,9486.0,3528.0
251,256,CI-7820,432966,Closed,yutaka,2022-12-06 03:45:00,09/Dec/22 12:00 AM,2023-01-04 02:17:00,Amadeus,Service Request (SR),41672.0,432966,27683.0,13989.0,4862.0
252,257,CI-7807,432492,Closed,aruizrobles,2022-12-03 13:20:00,15/Dec/22 12:00 AM,2023-03-21 16:54:00,Numiga,Service Request (SR),155734.0,432492,64957.0,90777.0,45883.0
253,258,CI-7806,432465,Closed,aruizrobles,2022-12-02 16:36:00,12/Dec/22 12:00 AM,2022-12-20 10:20:00,Numiga,Service Request (SR),25544.0,432465,86.0,25458.0,13963.0
254,259,CI-7795,432002,Closed,nsanchez,2022-12-01 13:05:00,15/Dec/22 12:00 AM,2023-02-13 10:17:00,Amadeus,Service Request (SR),106392.0,432002,21.0,106370.0,25673.0
255,260,CI-7794,431986,Closed,skarja,2022-12-01 12:38:00,08/Dec/22 12:00 AM,2022-12-20 14:44:00,Deutschlandradio,Service Request (SR),27486.0,431986,15115.0,12371.0,5857.0
256,261,CI-7788,431813,Closed,yutaka,2022-12-01 01:54:00,08/Dec/22 12:00 AM,2023-04-05 06:54:00,Amadeus,Service Request (SR),180300.0,431813,0.0,180300.0,180300.0
257,262,CI-7778,431570,Closed,nsanchez,2022-11-30 10:14:00,08/Dec/22 12:00 AM,2022-12-23 08:07:00,Deutschlandradio,Service Request (SR),32993.0,431570,21010.0,11983.0,11823.0
258,263,CI-7776,431457,Closed,yutaka,2022-11-30 06:00:00,05/Dec/22 12:00 AM,2023-01-10 02:27:00,Amadeus,Service Request (SR),58827.0,431457,40686.0,18141.0,7428.0
259,264,CI-7773,431180,Closed,aruizrobles,2022-11-28 16:58:00,01/Jan/23 12:00 AM,2022-12-20 14:24:00,Numiga,Service Request (SR),31526.0,431180,5945.0,25581.0,2676.0
260,265,CI-7763,430896,Closed,nsanchez,2022-11-25 11:09:00,30/Nov/22 12:00 AM,2022-12-20 09:38:00,Bentley,Service Request (SR),35909.0,430896,14093.0,21816.0,10393.0
261,266,CI-7755,430512,Closed,aruizrobles,2022-11-23 16:38:00,30/Nov/22 12:00 AM,2023-01-04 11:46:00,Numiga,Service Request (SR),60188.0,430512,17992.0,42196.0,21163.0
262,267,CI-7740,429778,Closed,ssanz,2022-11-21 17:19:00,28/Nov/22 12:00 AM,2022-12-21 09:45:00,Allianz,Service Request (SR),42746.0,429778,19673.0,23073.0,19991.0
263,268,CI-7736,429541,Closed,aruizrobles,2022-11-21 11:31:00,28/Nov/22 12:00 AM,2022-12-19 07:50:00,Numiga,Service Request (SR),40099.0,429541,15468.0,24630.0,9988.0
264,269,CI-7727,429120,Closed,ssanz,2022-11-18 14:03:00,25/Nov/22 12:00 AM,2022-12-27 20:30:00,Allianz,Service Request (SR),56547.0,429120,40584.0,15963.0,10227.0
265,270,CI-7718,428953,Closed,yutaka,2022-11-18 07:01:00,22/Nov/22 12:00 AM,2023-01-06 01:36:00,Continental,Service Request (SR),70235.0,428953,13053.0,57182.0,7473.0
266,271,CI-7700,428349,Closed,aruizrobles,2022-11-15 16:39:00,22/Nov/22 12:00 AM,2023-04-12 13:53:00,Numiga,Service Request (SR),212954.0,428349,1090.0,211864.0,2691.0
267,272,CI-7699,428346,Closed,ssanz,2022-11-15 16:36:00,22/Nov/22 12:00 AM,2023-01-17 14:55:00,ArcelorMittal,Service Request (SR),90619.0,428346,28984.0,61635.0,8334.0
268,273,CI-7698,428323,Closed,ssanz,2022-11-15 16:05:00,22/Nov/22 12:00 AM,2022-12-22 11:14:00,ArcelorMittal,Service Request (SR),52989.0,428323,33092.0,19896.0,11560.0
269,274,CI-7693,428061,Closed,yutaka,2022-11-15 03:02:00,22/Nov/22 12:00 AM,2023-01-06 01:36:00,Vaillant,Service Request (SR),74794.0,428061,57712.0,17082.0,5962.0
270,275,CI-7688,427631,Closed,skarja,2022-11-11 15:58:00,21/Nov/22 12:00 AM,2023-04-20 10:15:00,Rheinmetall,Service Request (SR),230057.0,427631,87912.0,142145.0,36025.0
271,276,CI-7686,427598,Closed,skarja,2022-11-11 14:58:00,18/Nov/22 12:00 AM,2023-01-24 15:38:00,Traton SE,Service Request (SR),106600.0,427598,100945.0,5655.0,5553.0
272,277,CI-7682,427526,Closed,skarja,2022-11-11 12:49:00,18/Nov/22 12:00 AM,2023-01-24 10:39:00,Nedschroef,Service Request (SR),106430.0,427526,99015.0,7415.0,6017.0
273,278,CI-7669,426820,Closed,yutaka,2022-11-09 11:15:00,16/Nov/22 12:00 AM,2023-01-24 12:40:00,Burda,Service Request (SR),109525.0,426820,1116.0,7521.0,7521.0
274,279,CI-7582,422229,Closed,ssanz,2022-10-19 16:24:00,31/Jan/23 12:00 AM,2023-03-07 10:43:00,Endress Hauser,Service Request (SR),199819.0,422229,21673.0,106092.0,39831.0
275,280,CI-7576,421964,Closed,ssanz,2022-10-18 17:56:00,25/Oct/22 12:00 AM,2023-01-17 13:07:00,Ineos,Service Request (SR),130751.0,421964,30808.0,99943.0,11481.0
276,281,CI-7575,421886,Closed,nsanchez,2022-10-18 12:44:00,25/Oct/22 12:00 AM,2022-12-19 13:24:00,CEPSA,Service Request (SR),89320.0,421886,33354.0,55966.0,24189.0
277,282,CI-7563,421362,Closed,ssanz,2022-10-14 14:05:00,21/Oct/22 12:00 AM,2023-02-23 11:52:00,Egis,Service Request (SR),189947.0,421362,70577.0,119370.0,96546.0
278,283,CI-7550,420892,Closed,yutaka,2022-10-12 17:05:00,19/Oct/22 12:00 AM,2023-04-04 16:34:00,Hugo Boss,Service Request (SR),250529.0,420892,0.0,250529.0,250529.0
279,284,CI-7547,420675,Closed,yutaka,2022-10-12 10:15:00,19/Oct/22 12:00 AM,2022-12-21 02:18:00,Porsche,Service Request (SR),100323.0,420675,1008.0,99315.0,93567.0
280,285,CI-7495,418725,Closed,skarja,2022-10-04 22:13:00,12/Oct/22 12:00 AM,2023-01-24 15:35:00,TUI AG,Service Request (SR),160882.0,418725,95463.0,65419.0,8316.0
281,286,CI-7489,418470,Closed,skarja,2022-10-04 07:45:00,11/Oct/22 12:00 AM,2023-03-23 13:55:00,Burda,Service Request (SR),245170.0,418470,0.0,245170.0,245170.0
282,287,CI-7486,418256,Closed,yutaka,2022-10-03 06:41:00,10/Oct/22 12:00 AM,2023-03-31 02:37:00,Continental,Service Request (SR),257516.0,418256,19035.0,237677.0,13372.0
283,288,CI-7475,417874,Closed,nsanchez,2022-09-29 13:35:00,10/Oct/22 12:00 AM,2023-02-15 14:50:00,OBB,Service Request (SR),200235.0,417874,23535.0,176700.0,11353.0
284,289,CI-7458,416956,Closed,ssanz,2022-09-26 11:00:00,03/Oct/22 12:00 AM,2023-01-24 15:34:00,Endress Hauser,Service Request (SR),173074.0,416956,42078.0,8440.0,4542.0
285,290,CI-7442,416580,Closed,ssanz,2022-09-22 12:44:00,29/Sep/22 12:00 AM,2022-12-22 14:44:00,Egis,Service Request (SR),131160.0,416580,32495.0,98665.0,7259.0
286,291,CI-7409,414401,Closed,skarja,2022-09-15 03:13:00,22/Sep/22 12:00 AM,2023-01-24 10:37:00,Porsche,Service Request (SR),189084.0,414401,178501.0,10582.0,10495.0
287,292,CI-7393,413617,Closed,skarja,2022-09-11 23:39:00,19/Sep/22 12:00 AM,2023-01-24 10:37:00,Eberspacher,Service Request (SR),193618.0,413617,180793.0,12825.0,12137.0
288,293,CI-7392,413615,Closed,skarja,2022-09-11 23:10:00,19/Sep/22 12:00 AM,2023-01-24 10:36:00,Rheinmetall,Service Request (SR),193646.0,413615,171470.0,22176.0,16653.0
289,294,CI-7365,411330,Closed,skarja,2022-08-30 21:48:00,14/Sep/22 12:00 AM,2023-01-24 10:35:00,Rheinmetall,Service Request (SR),211007.0,411330,180991.0,30016.0,2186.0
290,296,CI-7235,408302,Closed,skarja,2022-08-13 13:35:00,06/Sep/22 12:00 AM,2023-01-24 10:30:00,Rheinmetall,Service Request (SR),235975.0,408302,201617.0,9860.0,4.0
291,297,CI-7229,407702,Closed,ssanz,2022-08-10 12:43:00,17/Aug/22 12:00 AM,2023-01-17 15:55:00,Vaillant,Service Request (SR),230592.0,407702,110233.0,100438.0,22420.0
292,298,CI-7227,407574,Closed,skarja,2022-08-10 00:39:00,30/Sep/22 12:00 AM,2023-01-24 11:52:00,Rheinmetall,Service Request (SR),241153.0,407574,92064.0,148301.0,148301.0
293,300,CI-7205,406532,Closed,nsanchez,2022-08-04 11:54:00,02/May/23 12:00 AM,2023-04-10 08:47:00,Hugo Boss,Service Request (SR),358373.0,406532,0.0,349605.0,349605.0
294,303,CI-6911,393585,Closed,aklabisz,2022-05-24 15:11:00,11/Aug/22 12:00 AM,2023-01-24 10:33:00,VW,Service Request (SR),352522.0,393585,200194.0,12655.0,5122.0
295,305,CI-5953,349721,Closed,wiedenroth,2021-11-05 17:04:00,03/Dec/21 12:00 AM,2023-04-11 09:04:00,Allianz,Service Request (SR),751200.0,349721,6814.0,93618.0,2.0
